# 好乐美系统 服務配置
INSERT INTO  confcenter.`cc_system_info` (`SYSTEM_ALIAS_NAME`, `SYSTEM_ENGLISH_NAME`, `SYSTEM_CHINESE_NAME`, `REMARK`, `RMI_URL`) VALUES ('hx', 'hx', '好乐美系统', '好乐美系统', 'http://127.0.0.1:8080/hx/hessian');
 
# 好乐美系统变量
INSERT INTO confcenter.`cc_system_params` (`SYS_PARAM_NAME`, `GROUP_NAME`, `SYS_PARAM_VALUE`, `REMARK`, `SYSTEM_ALIAS_NAME`, `ONLY_ADMIN_MODIFY`) 
VALUES ('h5Host', 'h5', 'http://192.168.3.4/', '好乐美H5_URL配置', 'hx', '1');

# 好乐美系统变量
INSERT INTO confcenter.`cc_system_params` (`SYS_PARAM_NAME`, `GROUP_NAME`, `SYS_PARAM_VALUE`, `REMARK`, `SYSTEM_ALIAS_NAME`, `ONLY_ADMIN_MODIFY`) 
VALUES ('gdHost', 'gd', 'http://192.168.3.188:8082', '好乐美工单_URL配置', 'hx', '1');

# 排班记录定时任务 (每周一凌晨0点05分跑定时任务)
INSERT INTO confcenter.`cc_job_center` (`JOB_ENGLISH_NAME`, `JOB_NAME`, `SYSTEM_ALIAS_NAME`, `JOB_INTF`, `JOB_PARAM`, `IS_ENABLE`, `JOB_CALENDER`) VALUES ('guidScheduleJob', '好乐美员工排班定时任务', 'hx', 'http://127.0.0.1:8080/hx/hessian/guidScheduleJob', NULL, '1', '0 5 0 ? * MON');
 

# 好乐美系统支付相关变量
INSERT INTO confcenter.`cc_system_params` (`SYS_PARAM_NAME`, `GROUP_NAME`, `SYS_PARAM_VALUE`, `REMARK`, `SYSTEM_ALIAS_NAME`, `ONLY_ADMIN_MODIFY`) 
VALUES ('wxPayPic', 'pay_acct', '/oms/wxPayPic.png', '好乐美支付_微信二维码', 'hx', '1');

INSERT INTO confcenter.`cc_system_params` (`SYS_PARAM_NAME`, `GROUP_NAME`, `SYS_PARAM_VALUE`, `REMARK`, `SYSTEM_ALIAS_NAME`, `ONLY_ADMIN_MODIFY`) 
VALUES ('aliPayPic', 'pay_acct', '/oms/aliPayPic.png', '好乐美支付_支付宝二维码', 'hx', '1');

INSERT INTO confcenter.`cc_system_params` (`SYS_PARAM_NAME`, `GROUP_NAME`, `SYS_PARAM_VALUE`, `REMARK`, `SYSTEM_ALIAS_NAME`, `ONLY_ADMIN_MODIFY`) 
VALUES ('bankName', 'pay_acct', '中国建设银行', '好乐美支付_银行转账银行名称', 'hx', '1');

INSERT INTO confcenter.`cc_system_params` (`SYS_PARAM_NAME`, `GROUP_NAME`, `SYS_PARAM_VALUE`, `REMARK`, `SYSTEM_ALIAS_NAME`, `ONLY_ADMIN_MODIFY`) 
VALUES ('branchName', 'pay_acct', '深圳市宝安区宝安中心支行', '好乐美支付_银行转账支行名称', 'hx', '1');


INSERT INTO confcenter.`cc_system_params` (`SYS_PARAM_NAME`, `GROUP_NAME`, `SYS_PARAM_VALUE`, `REMARK`, `SYSTEM_ALIAS_NAME`, `ONLY_ADMIN_MODIFY`) 
VALUES ('bankAcctNo', 'pay_acct', '54811774685644113', '好乐美支付_银行转账银行帐号', 'hx', '1');

INSERT INTO confcenter.`cc_system_params` (`SYS_PARAM_NAME`, `GROUP_NAME`, `SYS_PARAM_VALUE`, `REMARK`, `SYSTEM_ALIAS_NAME`, `ONLY_ADMIN_MODIFY`) 
VALUES ('payPhone', 'pay_acct', '4008-705-633', '好乐美支付_转账联系电话', 'hx', '1');

INSERT INTO confcenter.`cc_system_params` (`SYS_PARAM_NAME`, `GROUP_NAME`, `SYS_PARAM_VALUE`, `REMARK`, `SYSTEM_ALIAS_NAME`, `ONLY_ADMIN_MODIFY`) 
VALUES ('bankAcctName', 'pay_acct', '深圳乐莎莎科技有限公司', '好乐美支付_户名', 'hx', '1');


# 菜单修改：将门店-修改为门诊
UPDATE oms.sys_menu  SET `name` = REPLACE ( `name`, '门店', '门诊'); 
 


# 好乐美选项配置
INSERT INTO hx.`shop_config` (`CODE`, `SHOP_NO`, `SHOP_NAME`, `MERCHANT_NO`, `MERCHANT_NAME`, `LABLE_NAME`, `LABLE_NO`, `PARENT_CODE`, `UPDATE_ID`, `UPDATE_DATE`, `CREATE_ID`, `CREATE_DATE`, `INDEX_NO`) VALUES ('1', NULL, NULL, '1', NULL, '精准线索', 'jzxs', 'LJ_adff93c4cd3b4dd5bdaf788a642bb3dd', NULL, NULL, NULL, NULL, 1);
INSERT INTO hx.`shop_config` (`CODE`, `SHOP_NO`, `SHOP_NAME`, `MERCHANT_NO`, `MERCHANT_NAME`, `LABLE_NAME`, `LABLE_NO`, `PARENT_CODE`, `UPDATE_ID`, `UPDATE_DATE`, `CREATE_ID`, `CREATE_DATE`, `INDEX_NO`) VALUES ('2', NULL, NULL, '1', NULL, '精准到店', 'jzdd', 'LJ_adff93c4cd3b4dd5bdaf788a642bb3dd', NULL, NULL, NULL, NULL, 2);
INSERT INTO hx.`shop_config` (`CODE`, `SHOP_NO`, `SHOP_NAME`, `MERCHANT_NO`, `MERCHANT_NAME`, `LABLE_NAME`, `LABLE_NO`, `PARENT_CODE`, `UPDATE_ID`, `UPDATE_DATE`, `CREATE_ID`, `CREATE_DATE`, `INDEX_NO`) VALUES ('3', NULL, NULL, '1', NULL, '普通线索', 'ptxs', 'LJ_adff93c4cd3b4dd5bdaf788a642bb3dd', NULL, NULL, NULL, NULL, 3);
INSERT INTO hx.`shop_config` (`CODE`, `SHOP_NO`, `SHOP_NAME`, `MERCHANT_NO`, `MERCHANT_NAME`, `LABLE_NAME`, `LABLE_NO`, `PARENT_CODE`, `UPDATE_ID`, `UPDATE_DATE`, `CREATE_ID`, `CREATE_DATE`, `INDEX_NO`) VALUES ('4', NULL, NULL, '1', NULL, '普通到店', 'ppdd', 'LJ_adff93c4cd3b4dd5bdaf788a642bb3dd', NULL, NULL, NULL, NULL, 4);
INSERT INTO hx.`shop_config` (`CODE`, `SHOP_NO`, `SHOP_NAME`, `MERCHANT_NO`, `MERCHANT_NAME`, `LABLE_NAME`, `LABLE_NO`, `PARENT_CODE`, `UPDATE_ID`, `UPDATE_DATE`, `CREATE_ID`, `CREATE_DATE`, `INDEX_NO`) VALUES ('LJ_008ef9132d7641859839c20fd492f134', NULL, NULL, '1', NULL, '医生自带', 'LJ_008ef9132d7641859839c20fd492f134', 'LJ_8d2c107844ed44699c67d38803edf879', NULL, '2019-3-21 15:30:34', NULL, '2019-3-21 15:30:34', 8);
INSERT INTO hx.`shop_config` (`CODE`, `SHOP_NO`, `SHOP_NAME`, `MERCHANT_NO`, `MERCHANT_NAME`, `LABLE_NAME`, `LABLE_NO`, `PARENT_CODE`, `UPDATE_ID`, `UPDATE_DATE`, `CREATE_ID`, `CREATE_DATE`, `INDEX_NO`) VALUES ('LJ_02104218163c41c6b47021072650c706', NULL, NULL, '1', NULL, '戴临时牙复查', 'LJ_02104218163c41c6b47021072650c706', 'LJ_5f77fd9d1e004d7cbb321b84a024f88b', NULL, '2019-3-21 15:30:54', NULL, '2019-3-21 15:30:54', 54);
INSERT INTO hx.`shop_config` (`CODE`, `SHOP_NO`, `SHOP_NAME`, `MERCHANT_NO`, `MERCHANT_NAME`, `LABLE_NAME`, `LABLE_NO`, `PARENT_CODE`, `UPDATE_ID`, `UPDATE_DATE`, `CREATE_ID`, `CREATE_DATE`, `INDEX_NO`) VALUES ('LJ_032f3edddc704d03bcb590ea473b44aa', NULL, NULL, '1', NULL, '拍照', 'LJ_032f3edddc704d03bcb590ea473b44aa', 'LJ_458f38e1f72f4aeea3e11ab34c117512', NULL, '2019-3-21 15:30:52', NULL, '2019-3-21 15:30:52', 34);
INSERT INTO hx.`shop_config` (`CODE`, `SHOP_NO`, `SHOP_NAME`, `MERCHANT_NO`, `MERCHANT_NAME`, `LABLE_NAME`, `LABLE_NO`, `PARENT_CODE`, `UPDATE_ID`, `UPDATE_DATE`, `CREATE_ID`, `CREATE_DATE`, `INDEX_NO`) VALUES ('LJ_04edf51ed711475d88ada54dba1a304d', NULL, NULL, '1', NULL, '拆矫正器', 'LJ_04edf51ed711475d88ada54dba1a304d', 'LJ_0a318803849e44b7af5f90c760615bca', NULL, '2019-3-21 15:30:57', NULL, '2019-3-21 15:30:57', 101);
INSERT INTO hx.`shop_config` (`CODE`, `SHOP_NO`, `SHOP_NAME`, `MERCHANT_NO`, `MERCHANT_NAME`, `LABLE_NAME`, `LABLE_NO`, `PARENT_CODE`, `UPDATE_ID`, `UPDATE_DATE`, `CREATE_ID`, `CREATE_DATE`, `INDEX_NO`) VALUES ('LJ_087e7d5305894193805267b724e7b0d9', NULL, NULL, '1', NULL, '牙周复查', 'LJ_087e7d5305894193805267b724e7b0d9', 'LJ_549522158c01421792823a626e50f40c', NULL, '2019-3-21 15:30:55', NULL, '2019-3-21 15:30:55', 78);
INSERT INTO hx.`shop_config` (`CODE`, `SHOP_NO`, `SHOP_NAME`, `MERCHANT_NO`, `MERCHANT_NAME`, `LABLE_NAME`, `LABLE_NO`, `PARENT_CODE`, `UPDATE_ID`, `UPDATE_DATE`, `CREATE_ID`, `CREATE_DATE`, `INDEX_NO`) VALUES ('LJ_08cf7fb602fe416a8e821677edd913bf', NULL, NULL, '1', NULL, '粘上颌托槽', 'LJ_08cf7fb602fe416a8e821677edd913bf', 'LJ_458f38e1f72f4aeea3e11ab34c117512', NULL, '2019-3-21 15:30:51', NULL, '2019-3-21 15:30:51', 21);
INSERT INTO hx.`shop_config` (`CODE`, `SHOP_NO`, `SHOP_NAME`, `MERCHANT_NO`, `MERCHANT_NAME`, `LABLE_NAME`, `LABLE_NO`, `PARENT_CODE`, `UPDATE_ID`, `UPDATE_DATE`, `CREATE_ID`, `CREATE_DATE`, `INDEX_NO`) VALUES ('LJ_0958fa9773834d6fb3fae970bd76aa0f', NULL, NULL, '1', NULL, '隐形拿牙套', 'LJ_0958fa9773834d6fb3fae970bd76aa0f', 'LJ_458f38e1f72f4aeea3e11ab34c117512', NULL, '2019-3-21 15:30:51', NULL, '2019-3-21 15:30:51', 24);
INSERT INTO hx.`shop_config` (`CODE`, `SHOP_NO`, `SHOP_NAME`, `MERCHANT_NO`, `MERCHANT_NAME`, `LABLE_NAME`, `LABLE_NO`, `PARENT_CODE`, `UPDATE_ID`, `UPDATE_DATE`, `CREATE_ID`, `CREATE_DATE`, `INDEX_NO`) VALUES ('LJ_0a318803849e44b7af5f90c760615bca', NULL, NULL, '1', NULL, '其它', 'LJ_0a318803849e44b7af5f90c760615bca', 'LJ_4cb7d94e95bc415d804af76fc5c418af', NULL, '2019-3-21 15:30:56', NULL, '2019-3-21 15:30:56', 10);
INSERT INTO hx.`shop_config` (`CODE`, `SHOP_NO`, `SHOP_NAME`, `MERCHANT_NO`, `MERCHANT_NAME`, `LABLE_NAME`, `LABLE_NO`, `PARENT_CODE`, `UPDATE_ID`, `UPDATE_DATE`, `CREATE_ID`, `CREATE_DATE`, `INDEX_NO`) VALUES ('LJ_0a7a97768d6445aeb5703e3fcca8cede', NULL, NULL, '1', NULL, '种植', 'LJ_0a7a97768d6445aeb5703e3fcca8cede', 'LJ_4cb7d94e95bc415d804af76fc5c418af', NULL, '2019-3-21 15:30:52', NULL, '2019-3-21 15:30:52', 1);
INSERT INTO hx.`shop_config` (`CODE`, `SHOP_NO`, `SHOP_NAME`, `MERCHANT_NO`, `MERCHANT_NAME`, `LABLE_NAME`, `LABLE_NO`, `PARENT_CODE`, `UPDATE_ID`, `UPDATE_DATE`, `CREATE_ID`, `CREATE_DATE`, `INDEX_NO`) VALUES ('LJ_0a9107ff9f6f4f4d8258e7f82e69beb0', NULL, NULL, '1', NULL, '冷光美白', 'LJ_0a9107ff9f6f4f4d8258e7f82e69beb0', 'LJ_0a318803849e44b7af5f90c760615bca', NULL, '2019-3-21 15:30:57', NULL, '2019-3-21 15:30:57', 106);
INSERT INTO hx.`shop_config` (`CODE`, `SHOP_NO`, `SHOP_NAME`, `MERCHANT_NO`, `MERCHANT_NAME`, `LABLE_NAME`, `LABLE_NO`, `PARENT_CODE`, `UPDATE_ID`, `UPDATE_DATE`, `CREATE_ID`, `CREATE_DATE`, `INDEX_NO`) VALUES ('LJ_0aea00963d1f42b2804e2f29b183d577', NULL, NULL, '1', NULL, '牙周刮治', 'LJ_0aea00963d1f42b2804e2f29b183d577', 'LJ_549522158c01421792823a626e50f40c', NULL, '2019-3-21 15:30:56', NULL, '2019-3-21 15:30:56', 81);
INSERT INTO hx.`shop_config` (`CODE`, `SHOP_NO`, `SHOP_NAME`, `MERCHANT_NO`, `MERCHANT_NAME`, `LABLE_NAME`, `LABLE_NO`, `PARENT_CODE`, `UPDATE_ID`, `UPDATE_DATE`, `CREATE_ID`, `CREATE_DATE`, `INDEX_NO`) VALUES ('LJ_0e506a22a11d4a17b70d4c84bd190aa2', NULL, NULL, '1', NULL, '做保持器或精调', 'LJ_0e506a22a11d4a17b70d4c84bd190aa2', 'LJ_458f38e1f72f4aeea3e11ab34c117512', NULL, '2019-3-21 15:30:43', NULL, '2019-3-21 15:30:43', 0);
INSERT INTO hx.`shop_config` (`CODE`, `SHOP_NO`, `SHOP_NAME`, `MERCHANT_NO`, `MERCHANT_NAME`, `LABLE_NAME`, `LABLE_NO`, `PARENT_CODE`, `UPDATE_ID`, `UPDATE_DATE`, `CREATE_ID`, `CREATE_DATE`, `INDEX_NO`) VALUES ('LJ_10c27646c41c4b0b900a42056df63c1a', NULL, NULL, '1', NULL, '牙么么', 'LJ_10c27646c41c4b0b900a42056df63c1a', 'LJ_8d2c107844ed44699c67d38803edf879', NULL, '2019-3-21 15:30:33', NULL, '2019-3-21 15:30:33', 5);
INSERT INTO hx.`shop_config` (`CODE`, `SHOP_NO`, `SHOP_NAME`, `MERCHANT_NO`, `MERCHANT_NAME`, `LABLE_NAME`, `LABLE_NO`, `PARENT_CODE`, `UPDATE_ID`, `UPDATE_DATE`, `CREATE_ID`, `CREATE_DATE`, `INDEX_NO`) VALUES ('LJ_10cff2f6f5394731b6493e1a6108ff7c', NULL, NULL, '1', NULL, '转介绍', 'LJ_10cff2f6f5394731b6493e1a6108ff7c', 'LJ_56f5aebc42754aef9fcdbf68f3db4620', NULL, '2019-3-21 15:30:32', NULL, '2019-3-21 15:30:32', 0);
INSERT INTO hx.`shop_config` (`CODE`, `SHOP_NO`, `SHOP_NAME`, `MERCHANT_NO`, `MERCHANT_NAME`, `LABLE_NAME`, `LABLE_NO`, `PARENT_CODE`, `UPDATE_ID`, `UPDATE_DATE`, `CREATE_ID`, `CREATE_DATE`, `INDEX_NO`) VALUES ('LJ_110f07d011844e9cbae530723250d25d', NULL, NULL, '1', NULL, '试戴临时牙', 'LJ_110f07d011844e9cbae530723250d25d', 'LJ_2b687c07b631409ab5dbf6ba12e8d1d0', NULL, '2019-3-21 15:30:55', NULL, '2019-3-21 15:30:55', 74);
INSERT INTO hx.`shop_config` (`CODE`, `SHOP_NO`, `SHOP_NAME`, `MERCHANT_NO`, `MERCHANT_NAME`, `LABLE_NAME`, `LABLE_NO`, `PARENT_CODE`, `UPDATE_ID`, `UPDATE_DATE`, `CREATE_ID`, `CREATE_DATE`, `INDEX_NO`) VALUES ('LJ_138292808d3146e2916cd15f9e72d35b', NULL, NULL, '1', NULL, '龈上洁治', 'LJ_138292808d3146e2916cd15f9e72d35b', 'LJ_549522158c01421792823a626e50f40c', NULL, '2019-3-21 15:30:56', NULL, '2019-3-21 15:30:56', 82);
INSERT INTO hx.`shop_config` (`CODE`, `SHOP_NO`, `SHOP_NAME`, `MERCHANT_NO`, `MERCHANT_NAME`, `LABLE_NAME`, `LABLE_NO`, `PARENT_CODE`, `UPDATE_ID`, `UPDATE_DATE`, `CREATE_ID`, `CREATE_DATE`, `INDEX_NO`) VALUES ('LJ_170be2625eaa4e5e966b1eb281c19086', NULL, NULL, '1', NULL, '拔牙', 'LJ_170be2625eaa4e5e966b1eb281c19086', 'LJ_78e0a157240a4553a1afed215cf8801d', NULL, '2019-3-21 15:30:55', NULL, '2019-3-21 15:30:55', 69);
INSERT INTO hx.`shop_config` (`CODE`, `SHOP_NO`, `SHOP_NAME`, `MERCHANT_NO`, `MERCHANT_NAME`, `LABLE_NAME`, `LABLE_NO`, `PARENT_CODE`, `UPDATE_ID`, `UPDATE_DATE`, `CREATE_ID`, `CREATE_DATE`, `INDEX_NO`) VALUES ('LJ_18160860c81f473d95e182d83adcac7f', NULL, NULL, '1', NULL, '正畸复诊', 'LJ_18160860c81f473d95e182d83adcac7f', 'LJ_458f38e1f72f4aeea3e11ab34c117512', NULL, '2019-3-21 15:30:50', NULL, '2019-3-21 15:30:50', 19);
INSERT INTO hx.`shop_config` (`CODE`, `SHOP_NO`, `SHOP_NAME`, `MERCHANT_NO`, `MERCHANT_NAME`, `LABLE_NAME`, `LABLE_NO`, `PARENT_CODE`, `UPDATE_ID`, `UPDATE_DATE`, `CREATE_ID`, `CREATE_DATE`, `INDEX_NO`) VALUES ('LJ_184b076896804420b333b6bbb8992196', NULL, NULL, '1', NULL, '扩弓器复诊', 'LJ_184b076896804420b333b6bbb8992196', 'LJ_458f38e1f72f4aeea3e11ab34c117512', NULL, '2019-3-21 15:30:48', NULL, '2019-3-21 15:30:48', 16);
INSERT INTO hx.`shop_config` (`CODE`, `SHOP_NO`, `SHOP_NAME`, `MERCHANT_NO`, `MERCHANT_NAME`, `LABLE_NAME`, `LABLE_NO`, `PARENT_CODE`, `UPDATE_ID`, `UPDATE_DATE`, `CREATE_ID`, `CREATE_DATE`, `INDEX_NO`) VALUES ('LJ_18756dbb810742899665a5919c9399fb', NULL, NULL, '1', NULL, '牙体', 'LJ_18756dbb810742899665a5919c9399fb', 'LJ_4cb7d94e95bc415d804af76fc5c418af', NULL, '2019-3-21 15:30:56', NULL, '2019-3-21 15:30:56', 7);
INSERT INTO hx.`shop_config` (`CODE`, `SHOP_NO`, `SHOP_NAME`, `MERCHANT_NO`, `MERCHANT_NAME`, `LABLE_NAME`, `LABLE_NO`, `PARENT_CODE`, `UPDATE_ID`, `UPDATE_DATE`, `CREATE_ID`, `CREATE_DATE`, `INDEX_NO`) VALUES ('LJ_1890d5c8589a4fb2a8963e857b916978', NULL, NULL, '1', NULL, '拆托槽', 'LJ_1890d5c8589a4fb2a8963e857b916978', 'LJ_458f38e1f72f4aeea3e11ab34c117512', NULL, '2019-3-21 15:30:43', NULL, '2019-3-21 15:30:43', 2);
INSERT INTO hx.`shop_config` (`CODE`, `SHOP_NO`, `SHOP_NAME`, `MERCHANT_NO`, `MERCHANT_NAME`, `LABLE_NAME`, `LABLE_NO`, `PARENT_CODE`, `UPDATE_ID`, `UPDATE_DATE`, `CREATE_ID`, `CREATE_DATE`, `INDEX_NO`) VALUES ('LJ_19830f0225e2438199d311d6e8fe88fc', NULL, NULL, '1', NULL, '隐形片切', 'LJ_19830f0225e2438199d311d6e8fe88fc', 'LJ_458f38e1f72f4aeea3e11ab34c117512', NULL, '2019-3-21 15:30:51', NULL, '2019-3-21 15:30:51', 25);
INSERT INTO hx.`shop_config` (`CODE`, `SHOP_NO`, `SHOP_NAME`, `MERCHANT_NO`, `MERCHANT_NAME`, `LABLE_NAME`, `LABLE_NO`, `PARENT_CODE`, `UPDATE_ID`, `UPDATE_DATE`, `CREATE_ID`, `CREATE_DATE`, `INDEX_NO`) VALUES ('LJ_21076b7a9bfd435d99e9b753cab2b50c', NULL, NULL, '1', NULL, '种植戴牙', 'LJ_21076b7a9bfd435d99e9b753cab2b50c', 'LJ_0a7a97768d6445aeb5703e3fcca8cede', NULL, '2019-3-21 15:30:53', NULL, '2019-3-21 15:30:53', 40);
INSERT INTO hx.`shop_config` (`CODE`, `SHOP_NO`, `SHOP_NAME`, `MERCHANT_NO`, `MERCHANT_NAME`, `LABLE_NAME`, `LABLE_NO`, `PARENT_CODE`, `UPDATE_ID`, `UPDATE_DATE`, `CREATE_ID`, `CREATE_DATE`, `INDEX_NO`) VALUES ('LJ_244f223c13164b778e79512635f47720', NULL, NULL, '1', NULL, '备牙', 'LJ_244f223c13164b778e79512635f47720', 'LJ_5f77fd9d1e004d7cbb321b84a024f88b', NULL, '2019-3-21 15:30:54', NULL, '2019-3-21 15:30:54', 62);
INSERT INTO hx.`shop_config` (`CODE`, `SHOP_NO`, `SHOP_NAME`, `MERCHANT_NO`, `MERCHANT_NAME`, `LABLE_NAME`, `LABLE_NO`, `PARENT_CODE`, `UPDATE_ID`, `UPDATE_DATE`, `CREATE_ID`, `CREATE_DATE`, `INDEX_NO`) VALUES ('LJ_25f3336d3d874b6aa79d941b4caf3119', NULL, NULL, '1', NULL, '员工转介绍', 'LJ_25f3336d3d874b6aa79d941b4caf3119', 'LJ_e4498e70ac4c4527bf4ba295b02d98b9', NULL, '2019-3-21 15:30:33', NULL, '2019-3-21 15:30:33', 10);
INSERT INTO hx.`shop_config` (`CODE`, `SHOP_NO`, `SHOP_NAME`, `MERCHANT_NO`, `MERCHANT_NAME`, `LABLE_NAME`, `LABLE_NO`, `PARENT_CODE`, `UPDATE_ID`, `UPDATE_DATE`, `CREATE_ID`, `CREATE_DATE`, `INDEX_NO`) VALUES ('LJ_27bec4dc013f41e58baba312433c3b80', NULL, NULL, '1', NULL, '种植拆线', 'LJ_27bec4dc013f41e58baba312433c3b80', 'LJ_0a7a97768d6445aeb5703e3fcca8cede', NULL, '2019-3-21 15:30:53', NULL, '2019-3-21 15:30:53', 42);
INSERT INTO hx.`shop_config` (`CODE`, `SHOP_NO`, `SHOP_NAME`, `MERCHANT_NO`, `MERCHANT_NAME`, `LABLE_NAME`, `LABLE_NO`, `PARENT_CODE`, `UPDATE_ID`, `UPDATE_DATE`, `CREATE_ID`, `CREATE_DATE`, `INDEX_NO`) VALUES ('LJ_29ea93df8e734711806b6f1d4d6d6e72', NULL, NULL, '1', NULL, '舌侧扣', 'LJ_29ea93df8e734711806b6f1d4d6d6e72', 'LJ_458f38e1f72f4aeea3e11ab34c117512', NULL, '2019-3-21 15:30:45', NULL, '2019-3-21 15:30:45', 9);
INSERT INTO hx.`shop_config` (`CODE`, `SHOP_NO`, `SHOP_NAME`, `MERCHANT_NO`, `MERCHANT_NAME`, `LABLE_NAME`, `LABLE_NO`, `PARENT_CODE`, `UPDATE_ID`, `UPDATE_DATE`, `CREATE_ID`, `CREATE_DATE`, `INDEX_NO`) VALUES ('LJ_2b687c07b631409ab5dbf6ba12e8d1d0', NULL, NULL, '1', NULL, '补牙', 'LJ_2b687c07b631409ab5dbf6ba12e8d1d0', 'LJ_4cb7d94e95bc415d804af76fc5c418af', NULL, '2019-3-21 15:30:55', NULL, '2019-3-21 15:30:55', 5);
INSERT INTO hx.`shop_config` (`CODE`, `SHOP_NO`, `SHOP_NAME`, `MERCHANT_NO`, `MERCHANT_NAME`, `LABLE_NAME`, `LABLE_NO`, `PARENT_CODE`, `UPDATE_ID`, `UPDATE_DATE`, `CREATE_ID`, `CREATE_DATE`, `INDEX_NO`) VALUES ('LJ_2c3ebb937dd8416b9f9a8daedf48211c', NULL, NULL, '1', NULL, '检查', 'LJ_2c3ebb937dd8416b9f9a8daedf48211c', 'LJ_0a318803849e44b7af5f90c760615bca', NULL, '2019-3-21 15:30:57', NULL, '2019-3-21 15:30:57', 102);
INSERT INTO hx.`shop_config` (`CODE`, `SHOP_NO`, `SHOP_NAME`, `MERCHANT_NO`, `MERCHANT_NAME`, `LABLE_NAME`, `LABLE_NO`, `PARENT_CODE`, `UPDATE_ID`, `UPDATE_DATE`, `CREATE_ID`, `CREATE_DATE`, `INDEX_NO`) VALUES ('LJ_2c6a5ad23fb249b5a13555c9d48aa134', NULL, NULL, '1', NULL, '分期到账', 'LJ_2c6a5ad23fb249b5a13555c9d48aa134', 'LJ_0a318803849e44b7af5f90c760615bca', NULL, '2019-3-21 15:30:56', NULL, '2019-3-21 15:30:56', 97);
INSERT INTO hx.`shop_config` (`CODE`, `SHOP_NO`, `SHOP_NAME`, `MERCHANT_NO`, `MERCHANT_NAME`, `LABLE_NAME`, `LABLE_NO`, `PARENT_CODE`, `UPDATE_ID`, `UPDATE_DATE`, `CREATE_ID`, `CREATE_DATE`, `INDEX_NO`) VALUES ('LJ_2ed679701df14e65a264298ab401f7e8', NULL, NULL, '1', NULL, '戴牙套1，片切，粘附件', 'LJ_2ed679701df14e65a264298ab401f7e8', 'LJ_458f38e1f72f4aeea3e11ab34c117512', NULL, '2019-3-21 15:30:48', NULL, '2019-3-21 15:30:48', 14);
INSERT INTO hx.`shop_config` (`CODE`, `SHOP_NO`, `SHOP_NAME`, `MERCHANT_NO`, `MERCHANT_NAME`, `LABLE_NAME`, `LABLE_NO`, `PARENT_CODE`, `UPDATE_ID`, `UPDATE_DATE`, `CREATE_ID`, `CREATE_DATE`, `INDEX_NO`) VALUES ('LJ_2fc672001b6549708177b4eb23d35a9b', NULL, NULL, '1', NULL, '团购', 'LJ_2fc672001b6549708177b4eb23d35a9b', 'LJ_c039e3769c36463486c8df8083d7f6e3', NULL, '2019-3-21 15:30:34', NULL, '2019-3-21 15:30:34', 14);
INSERT INTO hx.`shop_config` (`CODE`, `SHOP_NO`, `SHOP_NAME`, `MERCHANT_NO`, `MERCHANT_NAME`, `LABLE_NAME`, `LABLE_NO`, `PARENT_CODE`, `UPDATE_ID`, `UPDATE_DATE`, `CREATE_ID`, `CREATE_DATE`, `INDEX_NO`) VALUES ('LJ_31d5d528d1ce4db58f0839a69e0297db', NULL, NULL, '1', NULL, '牙周咨询', 'LJ_31d5d528d1ce4db58f0839a69e0297db', 'LJ_549522158c01421792823a626e50f40c', NULL, '2019-3-21 15:30:55', NULL, '2019-3-21 15:30:55', 77);
INSERT INTO hx.`shop_config` (`CODE`, `SHOP_NO`, `SHOP_NAME`, `MERCHANT_NO`, `MERCHANT_NAME`, `LABLE_NAME`, `LABLE_NO`, `PARENT_CODE`, `UPDATE_ID`, `UPDATE_DATE`, `CREATE_ID`, `CREATE_DATE`, `INDEX_NO`) VALUES ('LJ_357134bf902f47319480debe41b17bd7', NULL, NULL, '1', NULL, '根管治疗', 'LJ_357134bf902f47319480debe41b17bd7', 'LJ_18756dbb810742899665a5919c9399fb', NULL, '2019-3-21 15:30:56', NULL, '2019-3-21 15:30:56', 88);
INSERT INTO hx.`shop_config` (`CODE`, `SHOP_NO`, `SHOP_NAME`, `MERCHANT_NO`, `MERCHANT_NAME`, `LABLE_NAME`, `LABLE_NO`, `PARENT_CODE`, `UPDATE_ID`, `UPDATE_DATE`, `CREATE_ID`, `CREATE_DATE`, `INDEX_NO`) VALUES ('LJ_365fd33954de4fe3a7782b295116b5dd', NULL, NULL, '1', NULL, '根备', 'LJ_365fd33954de4fe3a7782b295116b5dd', 'LJ_748eaf44480d4f85b9a3f619f7f6093d', NULL, '2019-3-21 15:30:56', NULL, '2019-3-21 15:30:56', 91);
INSERT INTO hx.`shop_config` (`CODE`, `SHOP_NO`, `SHOP_NAME`, `MERCHANT_NO`, `MERCHANT_NAME`, `LABLE_NAME`, `LABLE_NO`, `PARENT_CODE`, `UPDATE_ID`, `UPDATE_DATE`, `CREATE_ID`, `CREATE_DATE`, `INDEX_NO`) VALUES ('LJ_3949e4806a49405495ac3da55504814f', NULL, NULL, '1', NULL, '复诊', 'LJ_3949e4806a49405495ac3da55504814f', 'LJ_0a318803849e44b7af5f90c760615bca', NULL, '2019-3-21 15:30:56', NULL, '2019-3-21 15:30:56', 98);
INSERT INTO hx.`shop_config` (`CODE`, `SHOP_NO`, `SHOP_NAME`, `MERCHANT_NO`, `MERCHANT_NAME`, `LABLE_NAME`, `LABLE_NO`, `PARENT_CODE`, `UPDATE_ID`, `UPDATE_DATE`, `CREATE_ID`, `CREATE_DATE`, `INDEX_NO`) VALUES ('LJ_41ec5b34912c4e0f887746967b45a70b', NULL, NULL, '1', NULL, '戴牙后复诊', 'LJ_41ec5b34912c4e0f887746967b45a70b', 'LJ_5f77fd9d1e004d7cbb321b84a024f88b', NULL, '2019-3-21 15:30:54', NULL, '2019-3-21 15:30:54', 55);
INSERT INTO hx.`shop_config` (`CODE`, `SHOP_NO`, `SHOP_NAME`, `MERCHANT_NO`, `MERCHANT_NAME`, `LABLE_NAME`, `LABLE_NO`, `PARENT_CODE`, `UPDATE_ID`, `UPDATE_DATE`, `CREATE_ID`, `CREATE_DATE`, `INDEX_NO`) VALUES ('LJ_428dde42e74f41e6a8e6241d8edfb6d6', NULL, NULL, '1', NULL, '根管预备', 'LJ_428dde42e74f41e6a8e6241d8edfb6d6', 'LJ_18756dbb810742899665a5919c9399fb', NULL, '2019-3-21 15:30:56', NULL, '2019-3-21 15:30:56', 89);
INSERT INTO hx.`shop_config` (`CODE`, `SHOP_NO`, `SHOP_NAME`, `MERCHANT_NO`, `MERCHANT_NAME`, `LABLE_NAME`, `LABLE_NO`, `PARENT_CODE`, `UPDATE_ID`, `UPDATE_DATE`, `CREATE_ID`, `CREATE_DATE`, `INDEX_NO`) VALUES ('LJ_42f920e8df174cd688bd7a83cd751850', NULL, NULL, '1', NULL, '美柚', 'LJ_42f920e8df174cd688bd7a83cd751850', 'LJ_8d2c107844ed44699c67d38803edf879', NULL, '2019-3-21 15:30:33', NULL, '2019-3-21 15:30:33', 4);
INSERT INTO hx.`shop_config` (`CODE`, `SHOP_NO`, `SHOP_NAME`, `MERCHANT_NO`, `MERCHANT_NAME`, `LABLE_NAME`, `LABLE_NO`, `PARENT_CODE`, `UPDATE_ID`, `UPDATE_DATE`, `CREATE_ID`, `CREATE_DATE`, `INDEX_NO`) VALUES ('LJ_44af6c4452984602ad5f53d640b900ef', NULL, NULL, '1', NULL, '拔牙复诊', 'LJ_44af6c4452984602ad5f53d640b900ef', 'LJ_78e0a157240a4553a1afed215cf8801d', NULL, '2019-3-21 15:30:55', NULL, '2019-3-21 15:30:55', 71);
INSERT INTO hx.`shop_config` (`CODE`, `SHOP_NO`, `SHOP_NAME`, `MERCHANT_NO`, `MERCHANT_NAME`, `LABLE_NAME`, `LABLE_NO`, `PARENT_CODE`, `UPDATE_ID`, `UPDATE_DATE`, `CREATE_ID`, `CREATE_DATE`, `INDEX_NO`) VALUES ('LJ_456a0e9cba8541f08657e0df508fc4ac', NULL, NULL, '1', NULL, '取硅胶模', 'LJ_456a0e9cba8541f08657e0df508fc4ac', 'LJ_458f38e1f72f4aeea3e11ab34c117512', NULL, '2019-3-21 15:30:45', NULL, '2019-3-21 15:30:45', 11);
INSERT INTO hx.`shop_config` (`CODE`, `SHOP_NO`, `SHOP_NAME`, `MERCHANT_NO`, `MERCHANT_NAME`, `LABLE_NAME`, `LABLE_NO`, `PARENT_CODE`, `UPDATE_ID`, `UPDATE_DATE`, `CREATE_ID`, `CREATE_DATE`, `INDEX_NO`) VALUES ('LJ_458f38e1f72f4aeea3e11ab34c117512', NULL, NULL, '1', NULL, '正畸', 'LJ_458f38e1f72f4aeea3e11ab34c117512', 'LJ_4cb7d94e95bc415d804af76fc5c418af', NULL, '2019-3-21 15:30:43', NULL, '2019-3-21 15:30:43', 0);
INSERT INTO hx.`shop_config` (`CODE`, `SHOP_NO`, `SHOP_NAME`, `MERCHANT_NO`, `MERCHANT_NAME`, `LABLE_NAME`, `LABLE_NO`, `PARENT_CODE`, `UPDATE_ID`, `UPDATE_DATE`, `CREATE_ID`, `CREATE_DATE`, `INDEX_NO`) VALUES ('LJ_4610a3045b08488c8daaf7b22a161641', NULL, NULL, '1', NULL, '拔牙拆线', 'LJ_4610a3045b08488c8daaf7b22a161641', 'LJ_78e0a157240a4553a1afed215cf8801d', NULL, '2019-3-21 15:30:55', NULL, '2019-3-21 15:30:55', 72);
INSERT INTO hx.`shop_config` (`CODE`, `SHOP_NO`, `SHOP_NAME`, `MERCHANT_NO`, `MERCHANT_NAME`, `LABLE_NAME`, `LABLE_NO`, `PARENT_CODE`, `UPDATE_ID`, `UPDATE_DATE`, `CREATE_ID`, `CREATE_DATE`, `INDEX_NO`) VALUES ('LJ_4cb7d94e95bc415d804af76fc5c418af', NULL, NULL, '1', NULL, '患者预约项目', 'patient_project', NULL, NULL, '2019-3-13 15:41:24', NULL, '2019-3-13 15:41:24', 1);
INSERT INTO hx.`shop_config` (`CODE`, `SHOP_NO`, `SHOP_NAME`, `MERCHANT_NO`, `MERCHANT_NAME`, `LABLE_NAME`, `LABLE_NO`, `PARENT_CODE`, `UPDATE_ID`, `UPDATE_DATE`, `CREATE_ID`, `CREATE_DATE`, `INDEX_NO`) VALUES ('LJ_549522158c01421792823a626e50f40c', NULL, NULL, '1', NULL, '牙周', 'LJ_549522158c01421792823a626e50f40c', 'LJ_4cb7d94e95bc415d804af76fc5c418af', NULL, '2019-3-21 15:30:55', NULL, '2019-3-21 15:30:55', 6);
INSERT INTO hx.`shop_config` (`CODE`, `SHOP_NO`, `SHOP_NAME`, `MERCHANT_NO`, `MERCHANT_NAME`, `LABLE_NAME`, `LABLE_NO`, `PARENT_CODE`, `UPDATE_ID`, `UPDATE_DATE`, `CREATE_ID`, `CREATE_DATE`, `INDEX_NO`) VALUES ('LJ_56f5aebc42754aef9fcdbf68f3db4620', NULL, NULL, '1', NULL, '乐莎莎', 'LJ_56f5aebc42754aef9fcdbf68f3db4620', 'LJ_8d2c107844ed44699c67d38803edf879', NULL, '2019-3-21 15:30:32', NULL, '2019-3-21 15:30:32', 0);
INSERT INTO hx.`shop_config` (`CODE`, `SHOP_NO`, `SHOP_NAME`, `MERCHANT_NO`, `MERCHANT_NAME`, `LABLE_NAME`, `LABLE_NO`, `PARENT_CODE`, `UPDATE_ID`, `UPDATE_DATE`, `CREATE_ID`, `CREATE_DATE`, `INDEX_NO`) VALUES ('LJ_590dd7396a094e34b1da39f60680dd18', NULL, NULL, '1', NULL, '贴全口托槽', 'LJ_590dd7396a094e34b1da39f60680dd18', 'LJ_458f38e1f72f4aeea3e11ab34c117512', NULL, '2019-3-21 15:30:52', NULL, '2019-3-21 15:30:52', 30);
INSERT INTO hx.`shop_config` (`CODE`, `SHOP_NO`, `SHOP_NAME`, `MERCHANT_NO`, `MERCHANT_NAME`, `LABLE_NAME`, `LABLE_NO`, `PARENT_CODE`, `UPDATE_ID`, `UPDATE_DATE`, `CREATE_ID`, `CREATE_DATE`, `INDEX_NO`) VALUES ('LJ_59573a5194f149b7b01579829a4b1500', NULL, NULL, '1', NULL, '戴保持器定期复查', 'LJ_59573a5194f149b7b01579829a4b1500', 'LJ_458f38e1f72f4aeea3e11ab34c117512', NULL, '2019-3-21 15:30:47', NULL, '2019-3-21 15:30:47', 13);
INSERT INTO hx.`shop_config` (`CODE`, `SHOP_NO`, `SHOP_NAME`, `MERCHANT_NO`, `MERCHANT_NAME`, `LABLE_NAME`, `LABLE_NO`, `PARENT_CODE`, `UPDATE_ID`, `UPDATE_DATE`, `CREATE_ID`, `CREATE_DATE`, `INDEX_NO`) VALUES ('LJ_5bc05a5437294c4a89f8ea283a3b99cd', NULL, NULL, '1', NULL, '患者转介绍', 'LJ_5bc05a5437294c4a89f8ea283a3b99cd', 'LJ_10cff2f6f5394731b6493e1a6108ff7c', NULL, '2019-3-21 15:30:32', NULL, '2019-3-21 15:30:32', 1);
INSERT INTO hx.`shop_config` (`CODE`, `SHOP_NO`, `SHOP_NAME`, `MERCHANT_NO`, `MERCHANT_NAME`, `LABLE_NAME`, `LABLE_NO`, `PARENT_CODE`, `UPDATE_ID`, `UPDATE_DATE`, `CREATE_ID`, `CREATE_DATE`, `INDEX_NO`) VALUES ('LJ_5d32419c702d47db97ee72dcafeda1e4', NULL, NULL, '1', NULL, '拔乳牙', 'LJ_5d32419c702d47db97ee72dcafeda1e4', 'LJ_78e0a157240a4553a1afed215cf8801d', NULL, '2019-3-21 15:30:55', NULL, '2019-3-21 15:30:55', 67);
INSERT INTO hx.`shop_config` (`CODE`, `SHOP_NO`, `SHOP_NAME`, `MERCHANT_NO`, `MERCHANT_NAME`, `LABLE_NAME`, `LABLE_NO`, `PARENT_CODE`, `UPDATE_ID`, `UPDATE_DATE`, `CREATE_ID`, `CREATE_DATE`, `INDEX_NO`) VALUES ('LJ_5f77fd9d1e004d7cbb321b84a024f88b', NULL, NULL, '1', NULL, '修复', 'LJ_5f77fd9d1e004d7cbb321b84a024f88b', 'LJ_4cb7d94e95bc415d804af76fc5c418af', NULL, '2019-3-21 15:30:53', NULL, '2019-3-21 15:30:53', 2);
INSERT INTO hx.`shop_config` (`CODE`, `SHOP_NO`, `SHOP_NAME`, `MERCHANT_NO`, `MERCHANT_NAME`, `LABLE_NAME`, `LABLE_NO`, `PARENT_CODE`, `UPDATE_ID`, `UPDATE_DATE`, `CREATE_ID`, `CREATE_DATE`, `INDEX_NO`) VALUES ('LJ_63152ab8f2104cfab0fc40715792f604', NULL, NULL, '1', NULL, '种植', 'LJ_63152ab8f2104cfab0fc40715792f604', 'LJ_0a7a97768d6445aeb5703e3fcca8cede', NULL, '2019-3-21 15:30:53', NULL, '2019-3-21 15:30:53', 48);
INSERT INTO hx.`shop_config` (`CODE`, `SHOP_NO`, `SHOP_NAME`, `MERCHANT_NO`, `MERCHANT_NAME`, `LABLE_NAME`, `LABLE_NO`, `PARENT_CODE`, `UPDATE_ID`, `UPDATE_DATE`, `CREATE_ID`, `CREATE_DATE`, `INDEX_NO`) VALUES ('LJ_64f516cbec4e4e08bf9aa0c90fcffe83', NULL, NULL, '1', NULL, '美团霸王餐', 'LJ_64f516cbec4e4e08bf9aa0c90fcffe83', 'LJ_bf6a7628c71f451db1d9be77e3d16279', NULL, '2019-3-21 15:30:32', NULL, '2019-3-21 15:30:32', 3);
INSERT INTO hx.`shop_config` (`CODE`, `SHOP_NO`, `SHOP_NAME`, `MERCHANT_NO`, `MERCHANT_NAME`, `LABLE_NAME`, `LABLE_NO`, `PARENT_CODE`, `UPDATE_ID`, `UPDATE_DATE`, `CREATE_ID`, `CREATE_DATE`, `INDEX_NO`) VALUES ('LJ_65c216c9c96346be8b7e54204d2b933e', NULL, NULL, '1', NULL, '补牙', 'LJ_65c216c9c96346be8b7e54204d2b933e', 'LJ_18756dbb810742899665a5919c9399fb', NULL, '2019-3-21 15:30:56', NULL, '2019-3-21 15:30:56', 86);
INSERT INTO hx.`shop_config` (`CODE`, `SHOP_NO`, `SHOP_NAME`, `MERCHANT_NO`, `MERCHANT_NAME`, `LABLE_NAME`, `LABLE_NO`, `PARENT_CODE`, `UPDATE_ID`, `UPDATE_DATE`, `CREATE_ID`, `CREATE_DATE`, `INDEX_NO`) VALUES ('LJ_6e47cb454ba647ad8c783bd8f85c1fda', NULL, NULL, '1', NULL, '正畸拔牙', 'LJ_6e47cb454ba647ad8c783bd8f85c1fda', 'LJ_458f38e1f72f4aeea3e11ab34c117512', NULL, '2019-3-21 15:30:48', NULL, '2019-3-21 15:30:48', 17);
INSERT INTO hx.`shop_config` (`CODE`, `SHOP_NO`, `SHOP_NAME`, `MERCHANT_NO`, `MERCHANT_NAME`, `LABLE_NAME`, `LABLE_NO`, `PARENT_CODE`, `UPDATE_ID`, `UPDATE_DATE`, `CREATE_ID`, `CREATE_DATE`, `INDEX_NO`) VALUES ('LJ_6eafba1132dd495ca65c60505dcefb46', NULL, NULL, '1', NULL, '粘附件', 'LJ_6eafba1132dd495ca65c60505dcefb46', 'LJ_458f38e1f72f4aeea3e11ab34c117512', NULL, '2019-3-21 15:30:43', NULL, '2019-3-21 15:30:43', 1);
INSERT INTO hx.`shop_config` (`CODE`, `SHOP_NO`, `SHOP_NAME`, `MERCHANT_NO`, `MERCHANT_NAME`, `LABLE_NAME`, `LABLE_NO`, `PARENT_CODE`, `UPDATE_ID`, `UPDATE_DATE`, `CREATE_ID`, `CREATE_DATE`, `INDEX_NO`) VALUES ('LJ_72dd7acb0c2146f0b0ab02a2c7c32164', NULL, NULL, '1', NULL, '种植取模', 'LJ_72dd7acb0c2146f0b0ab02a2c7c32164', 'LJ_0a7a97768d6445aeb5703e3fcca8cede', NULL, '2019-3-21 15:30:53', NULL, '2019-3-21 15:30:53', 45);
INSERT INTO hx.`shop_config` (`CODE`, `SHOP_NO`, `SHOP_NAME`, `MERCHANT_NO`, `MERCHANT_NAME`, `LABLE_NAME`, `LABLE_NO`, `PARENT_CODE`, `UPDATE_ID`, `UPDATE_DATE`, `CREATE_ID`, `CREATE_DATE`, `INDEX_NO`) VALUES ('LJ_748312dccb6a4b0db5ab0f9f99410871', NULL, NULL, '1', NULL, '戴贴面复诊', 'LJ_748312dccb6a4b0db5ab0f9f99410871', 'LJ_5f77fd9d1e004d7cbb321b84a024f88b', NULL, '2019-3-21 15:30:54', NULL, '2019-3-21 15:30:54', 56);
INSERT INTO hx.`shop_config` (`CODE`, `SHOP_NO`, `SHOP_NAME`, `MERCHANT_NO`, `MERCHANT_NAME`, `LABLE_NAME`, `LABLE_NO`, `PARENT_CODE`, `UPDATE_ID`, `UPDATE_DATE`, `CREATE_ID`, `CREATE_DATE`, `INDEX_NO`) VALUES ('LJ_748eaf44480d4f85b9a3f619f7f6093d', NULL, NULL, '1', NULL, '治疗', 'LJ_748eaf44480d4f85b9a3f619f7f6093d', 'LJ_4cb7d94e95bc415d804af76fc5c418af', NULL, '2019-3-21 15:30:56', NULL, '2019-3-21 15:30:56', 8);
INSERT INTO hx.`shop_config` (`CODE`, `SHOP_NO`, `SHOP_NAME`, `MERCHANT_NO`, `MERCHANT_NAME`, `LABLE_NAME`, `LABLE_NO`, `PARENT_CODE`, `UPDATE_ID`, `UPDATE_DATE`, `CREATE_ID`, `CREATE_DATE`, `INDEX_NO`) VALUES ('LJ_7578724ac124421eb1ebf324f66ab2c1', NULL, NULL, '1', NULL, '其它', 'LJ_7578724ac124421eb1ebf324f66ab2c1', 'LJ_8d2c107844ed44699c67d38803edf879', NULL, '2019-3-21 15:30:34', NULL, '2019-3-21 15:30:34', 11);
INSERT INTO hx.`shop_config` (`CODE`, `SHOP_NO`, `SHOP_NAME`, `MERCHANT_NO`, `MERCHANT_NAME`, `LABLE_NAME`, `LABLE_NO`, `PARENT_CODE`, `UPDATE_ID`, `UPDATE_DATE`, `CREATE_ID`, `CREATE_DATE`, `INDEX_NO`) VALUES ('LJ_75e55ac397654beca05444acdce51503', NULL, NULL, '1', NULL, '洗牙复诊', 'LJ_75e55ac397654beca05444acdce51503', 'LJ_0a318803849e44b7af5f90c760615bca', NULL, '2019-3-21 15:30:57', NULL, '2019-3-21 15:30:57', 103);
INSERT INTO hx.`shop_config` (`CODE`, `SHOP_NO`, `SHOP_NAME`, `MERCHANT_NO`, `MERCHANT_NAME`, `LABLE_NAME`, `LABLE_NO`, `PARENT_CODE`, `UPDATE_ID`, `UPDATE_DATE`, `CREATE_ID`, `CREATE_DATE`, `INDEX_NO`) VALUES ('LJ_766423eb4f444c8c891434ecd444b32d', NULL, NULL, '1', NULL, '换药', 'LJ_766423eb4f444c8c891434ecd444b32d', 'LJ_18756dbb810742899665a5919c9399fb', NULL, '2019-3-21 15:30:56', NULL, '2019-3-21 15:30:56', 85);
INSERT INTO hx.`shop_config` (`CODE`, `SHOP_NO`, `SHOP_NAME`, `MERCHANT_NO`, `MERCHANT_NAME`, `LABLE_NAME`, `LABLE_NO`, `PARENT_CODE`, `UPDATE_ID`, `UPDATE_DATE`, `CREATE_ID`, `CREATE_DATE`, `INDEX_NO`) VALUES ('LJ_780244345b754670a49d834ff6ec3571', NULL, NULL, '1', NULL, '试支架', 'LJ_780244345b754670a49d834ff6ec3571', 'LJ_5f77fd9d1e004d7cbb321b84a024f88b', NULL, '2019-3-21 15:30:54', NULL, '2019-3-21 15:30:54', 61);
INSERT INTO hx.`shop_config` (`CODE`, `SHOP_NO`, `SHOP_NAME`, `MERCHANT_NO`, `MERCHANT_NAME`, `LABLE_NAME`, `LABLE_NO`, `PARENT_CODE`, `UPDATE_ID`, `UPDATE_DATE`, `CREATE_ID`, `CREATE_DATE`, `INDEX_NO`) VALUES ('LJ_78e0a157240a4553a1afed215cf8801d', NULL, NULL, '1', NULL, '拔牙', 'LJ_78e0a157240a4553a1afed215cf8801d', 'LJ_4cb7d94e95bc415d804af76fc5c418af', NULL, '2019-3-21 15:30:55', NULL, '2019-3-21 15:30:55', 4);
INSERT INTO hx.`shop_config` (`CODE`, `SHOP_NO`, `SHOP_NAME`, `MERCHANT_NO`, `MERCHANT_NAME`, `LABLE_NAME`, `LABLE_NO`, `PARENT_CODE`, `UPDATE_ID`, `UPDATE_DATE`, `CREATE_ID`, `CREATE_DATE`, `INDEX_NO`) VALUES ('LJ_78ef9d46944c4cd68e2a44703aeeec7e', NULL, NULL, '1', NULL, '戴临时牙', 'LJ_78ef9d46944c4cd68e2a44703aeeec7e', 'LJ_5f77fd9d1e004d7cbb321b84a024f88b', NULL, '2019-3-21 15:30:53', NULL, '2019-3-21 15:30:53', 53);
INSERT INTO hx.`shop_config` (`CODE`, `SHOP_NO`, `SHOP_NAME`, `MERCHANT_NO`, `MERCHANT_NAME`, `LABLE_NAME`, `LABLE_NO`, `PARENT_CODE`, `UPDATE_ID`, `UPDATE_DATE`, `CREATE_ID`, `CREATE_DATE`, `INDEX_NO`) VALUES ('LJ_7b0f48a345014f38a728089ea6d35055', NULL, NULL, '1', NULL, '隐形附件脱落', 'LJ_7b0f48a345014f38a728089ea6d35055', 'LJ_458f38e1f72f4aeea3e11ab34c117512', NULL, '2019-3-21 15:30:52', NULL, '2019-3-21 15:30:52', 28);
INSERT INTO hx.`shop_config` (`CODE`, `SHOP_NO`, `SHOP_NAME`, `MERCHANT_NO`, `MERCHANT_NAME`, `LABLE_NAME`, `LABLE_NO`, `PARENT_CODE`, `UPDATE_ID`, `UPDATE_DATE`, `CREATE_ID`, `CREATE_DATE`, `INDEX_NO`) VALUES ('LJ_7b4d60e2559f425ca87052030347f6a3', NULL, NULL, '1', NULL, '确认种植方案', 'LJ_7b4d60e2559f425ca87052030347f6a3', 'LJ_0a7a97768d6445aeb5703e3fcca8cede', NULL, '2019-3-21 15:30:52', NULL, '2019-3-21 15:30:52', 37);
INSERT INTO hx.`shop_config` (`CODE`, `SHOP_NO`, `SHOP_NAME`, `MERCHANT_NO`, `MERCHANT_NAME`, `LABLE_NAME`, `LABLE_NO`, `PARENT_CODE`, `UPDATE_ID`, `UPDATE_DATE`, `CREATE_ID`, `CREATE_DATE`, `INDEX_NO`) VALUES ('LJ_824f07cffc1a4db0a4936da250c8bb64', NULL, NULL, '1', NULL, '戴保持器', 'LJ_824f07cffc1a4db0a4936da250c8bb64', 'LJ_458f38e1f72f4aeea3e11ab34c117512', NULL, '2019-3-21 15:30:52', NULL, '2019-3-21 15:30:52', 31);
INSERT INTO hx.`shop_config` (`CODE`, `SHOP_NO`, `SHOP_NAME`, `MERCHANT_NO`, `MERCHANT_NAME`, `LABLE_NAME`, `LABLE_NO`, `PARENT_CODE`, `UPDATE_ID`, `UPDATE_DATE`, `CREATE_ID`, `CREATE_DATE`, `INDEX_NO`) VALUES ('LJ_89987ee42e924e608d5c01bf38670bc0', NULL, NULL, '1', NULL, '患者转介绍', 'LJ_89987ee42e924e608d5c01bf38670bc0', 'LJ_e4498e70ac4c4527bf4ba295b02d98b9', NULL, '2019-3-21 15:30:33', NULL, '2019-3-21 15:30:33', 11);
INSERT INTO hx.`shop_config` (`CODE`, `SHOP_NO`, `SHOP_NAME`, `MERCHANT_NO`, `MERCHANT_NAME`, `LABLE_NAME`, `LABLE_NO`, `PARENT_CODE`, `UPDATE_ID`, `UPDATE_DATE`, `CREATE_ID`, `CREATE_DATE`, `INDEX_NO`) VALUES ('LJ_8a3491b89f2d414f87439fa16778b243', NULL, NULL, '1', NULL, '口腔检查', 'LJ_8a3491b89f2d414f87439fa16778b243', 'LJ_4cb7d94e95bc415d804af76fc5c418af', NULL, '2019-3-21 15:30:54', NULL, '2019-3-21 15:30:54', 3);
INSERT INTO hx.`shop_config` (`CODE`, `SHOP_NO`, `SHOP_NAME`, `MERCHANT_NO`, `MERCHANT_NAME`, `LABLE_NAME`, `LABLE_NO`, `PARENT_CODE`, `UPDATE_ID`, `UPDATE_DATE`, `CREATE_ID`, `CREATE_DATE`, `INDEX_NO`) VALUES ('LJ_8a8ef617609142228be8bc1bca85fb38', NULL, NULL, '1', NULL, '树脂', 'LJ_8a8ef617609142228be8bc1bca85fb38', 'LJ_458f38e1f72f4aeea3e11ab34c117512', NULL, '2019-3-21 15:30:44', NULL, '2019-3-21 15:30:44', 6);
INSERT INTO hx.`shop_config` (`CODE`, `SHOP_NO`, `SHOP_NAME`, `MERCHANT_NO`, `MERCHANT_NAME`, `LABLE_NAME`, `LABLE_NO`, `PARENT_CODE`, `UPDATE_ID`, `UPDATE_DATE`, `CREATE_ID`, `CREATE_DATE`, `INDEX_NO`) VALUES ('LJ_8b3e37cc67224db8be1ed9b3683e81f3', NULL, NULL, '1', NULL, '粘全口托槽', 'LJ_8b3e37cc67224db8be1ed9b3683e81f3', 'LJ_458f38e1f72f4aeea3e11ab34c117512', NULL, '2019-3-21 15:30:51', NULL, '2019-3-21 15:30:51', 22);
INSERT INTO hx.`shop_config` (`CODE`, `SHOP_NO`, `SHOP_NAME`, `MERCHANT_NO`, `MERCHANT_NAME`, `LABLE_NAME`, `LABLE_NO`, `PARENT_CODE`, `UPDATE_ID`, `UPDATE_DATE`, `CREATE_ID`, `CREATE_DATE`, `INDEX_NO`) VALUES ('LJ_8c076617bb6f41e885e4f1dfd35d45a7', NULL, NULL, '1', NULL, '牙周上药', 'LJ_8c076617bb6f41e885e4f1dfd35d45a7', 'LJ_549522158c01421792823a626e50f40c', NULL, '2019-3-21 15:30:56', NULL, '2019-3-21 15:30:56', 80);
INSERT INTO hx.`shop_config` (`CODE`, `SHOP_NO`, `SHOP_NAME`, `MERCHANT_NO`, `MERCHANT_NAME`, `LABLE_NAME`, `LABLE_NO`, `PARENT_CODE`, `UPDATE_ID`, `UPDATE_DATE`, `CREATE_ID`, `CREATE_DATE`, `INDEX_NO`) VALUES ('LJ_8cbbd46caaf0408dbc6f672b121fb063', NULL, NULL, '1', NULL, '免费拍片', 'LJ_8cbbd46caaf0408dbc6f672b121fb063', 'LJ_458f38e1f72f4aeea3e11ab34c117512', NULL, '2019-3-21 15:30:44', NULL, '2019-3-21 15:30:44', 4);
INSERT INTO hx.`shop_config` (`CODE`, `SHOP_NO`, `SHOP_NAME`, `MERCHANT_NO`, `MERCHANT_NAME`, `LABLE_NAME`, `LABLE_NO`, `PARENT_CODE`, `UPDATE_ID`, `UPDATE_DATE`, `CREATE_ID`, `CREATE_DATE`, `INDEX_NO`) VALUES ('LJ_8d15f732648c44cdad38d036bc23c456', NULL, NULL, '1', NULL, '正畸咨询', 'LJ_8d15f732648c44cdad38d036bc23c456', 'LJ_458f38e1f72f4aeea3e11ab34c117512', NULL, '2019-3-21 15:30:50', NULL, '2019-3-21 15:30:50', 18);
INSERT INTO hx.`shop_config` (`CODE`, `SHOP_NO`, `SHOP_NAME`, `MERCHANT_NO`, `MERCHANT_NAME`, `LABLE_NAME`, `LABLE_NO`, `PARENT_CODE`, `UPDATE_ID`, `UPDATE_DATE`, `CREATE_ID`, `CREATE_DATE`, `INDEX_NO`) VALUES ('LJ_8d2c107844ed44699c67d38803edf879', NULL, NULL, '1', NULL, '患者来源', 'user_source', NULL, NULL, '2019-3-13 15:35:34', NULL, '2019-3-13 15:35:34', NULL);
INSERT INTO hx.`shop_config` (`CODE`, `SHOP_NO`, `SHOP_NAME`, `MERCHANT_NO`, `MERCHANT_NAME`, `LABLE_NAME`, `LABLE_NO`, `PARENT_CODE`, `UPDATE_ID`, `UPDATE_DATE`, `CREATE_ID`, `CREATE_DATE`, `INDEX_NO`) VALUES ('LJ_8d5da287277c4aada87582cfa07c4e21', NULL, NULL, '1', NULL, '冷光美白咨询', 'LJ_8d5da287277c4aada87582cfa07c4e21', 'LJ_5f77fd9d1e004d7cbb321b84a024f88b', NULL, '2019-3-21 15:30:53', NULL, '2019-3-21 15:30:53', 52);
INSERT INTO hx.`shop_config` (`CODE`, `SHOP_NO`, `SHOP_NAME`, `MERCHANT_NO`, `MERCHANT_NAME`, `LABLE_NAME`, `LABLE_NO`, `PARENT_CODE`, `UPDATE_ID`, `UPDATE_DATE`, `CREATE_ID`, `CREATE_DATE`, `INDEX_NO`) VALUES ('LJ_8de12bc53427411294ebd499b28f3bf4', NULL, NULL, '1', NULL, '员工转介绍', 'LJ_8de12bc53427411294ebd499b28f3bf4', 'LJ_10cff2f6f5394731b6493e1a6108ff7c', NULL, '2019-3-21 15:30:32', NULL, '2019-3-21 15:30:32', 0);
INSERT INTO hx.`shop_config` (`CODE`, `SHOP_NO`, `SHOP_NAME`, `MERCHANT_NO`, `MERCHANT_NAME`, `LABLE_NAME`, `LABLE_NO`, `PARENT_CODE`, `UPDATE_ID`, `UPDATE_DATE`, `CREATE_ID`, `CREATE_DATE`, `INDEX_NO`) VALUES ('LJ_9006c8106a9b4bff89b86f2939cddb39', NULL, NULL, '1', NULL, '戴牙', 'LJ_9006c8106a9b4bff89b86f2939cddb39', 'LJ_5f77fd9d1e004d7cbb321b84a024f88b', NULL, '2019-3-21 15:30:54', NULL, '2019-3-21 15:30:54', 58);
INSERT INTO hx.`shop_config` (`CODE`, `SHOP_NO`, `SHOP_NAME`, `MERCHANT_NO`, `MERCHANT_NAME`, `LABLE_NAME`, `LABLE_NO`, `PARENT_CODE`, `UPDATE_ID`, `UPDATE_DATE`, `CREATE_ID`, `CREATE_DATE`, `INDEX_NO`) VALUES ('LJ_905cecfc575c4ccd8f78ca7ac677f564', NULL, NULL, '1', NULL, '隐形确认动画', 'LJ_905cecfc575c4ccd8f78ca7ac677f564', 'LJ_458f38e1f72f4aeea3e11ab34c117512', NULL, '2019-3-21 15:30:51', NULL, '2019-3-21 15:30:51', 26);
INSERT INTO hx.`shop_config` (`CODE`, `SHOP_NO`, `SHOP_NAME`, `MERCHANT_NO`, `MERCHANT_NAME`, `LABLE_NAME`, `LABLE_NO`, `PARENT_CODE`, `UPDATE_ID`, `UPDATE_DATE`, `CREATE_ID`, `CREATE_DATE`, `INDEX_NO`) VALUES ('LJ_938d56e6ccd74002a9080f36f497a595', NULL, NULL, '1', NULL, '补牙复诊', 'LJ_938d56e6ccd74002a9080f36f497a595', 'LJ_2b687c07b631409ab5dbf6ba12e8d1d0', NULL, '2019-3-21 15:30:55', NULL, '2019-3-21 15:30:55', 75);
INSERT INTO hx.`shop_config` (`CODE`, `SHOP_NO`, `SHOP_NAME`, `MERCHANT_NO`, `MERCHANT_NAME`, `LABLE_NAME`, `LABLE_NO`, `PARENT_CODE`, `UPDATE_ID`, `UPDATE_DATE`, `CREATE_ID`, `CREATE_DATE`, `INDEX_NO`) VALUES ('LJ_9ce8a5ce035b4167af05e78bb9b6a075', NULL, NULL, '1', NULL, '新氧', 'LJ_9ce8a5ce035b4167af05e78bb9b6a075', 'LJ_8d2c107844ed44699c67d38803edf879', NULL, '2019-3-21 15:30:33', NULL, '2019-3-21 15:30:33', 3);
INSERT INTO hx.`shop_config` (`CODE`, `SHOP_NO`, `SHOP_NAME`, `MERCHANT_NO`, `MERCHANT_NAME`, `LABLE_NAME`, `LABLE_NO`, `PARENT_CODE`, `UPDATE_ID`, `UPDATE_DATE`, `CREATE_ID`, `CREATE_DATE`, `INDEX_NO`) VALUES ('LJ_9e53f42f7c974875845fb538d91b4c1e', NULL, NULL, '1', NULL, '电话预约', 'LJ_9e53f42f7c974875845fb538d91b4c1e', 'LJ_8d2c107844ed44699c67d38803edf879', NULL, '2019-3-21 15:30:34', NULL, '2019-3-21 15:30:34', 10);
INSERT INTO hx.`shop_config` (`CODE`, `SHOP_NO`, `SHOP_NAME`, `MERCHANT_NO`, `MERCHANT_NAME`, `LABLE_NAME`, `LABLE_NO`, `PARENT_CODE`, `UPDATE_ID`, `UPDATE_DATE`, `CREATE_ID`, `CREATE_DATE`, `INDEX_NO`) VALUES ('LJ_a27bc789e3924f34b6416bc45e1c3ada', NULL, NULL, '1', NULL, '拔智齿', 'LJ_a27bc789e3924f34b6416bc45e1c3ada', 'LJ_78e0a157240a4553a1afed215cf8801d', NULL, '2019-3-21 15:30:55', NULL, '2019-3-21 15:30:55', 68);
INSERT INTO hx.`shop_config` (`CODE`, `SHOP_NO`, `SHOP_NAME`, `MERCHANT_NO`, `MERCHANT_NAME`, `LABLE_NAME`, `LABLE_NO`, `PARENT_CODE`, `UPDATE_ID`, `UPDATE_DATE`, `CREATE_ID`, `CREATE_DATE`, `INDEX_NO`) VALUES ('LJ_a32ed109f1b1480f9cd3511a315f1c3f', NULL, NULL, '1', NULL, '打支抗钉', 'LJ_a32ed109f1b1480f9cd3511a315f1c3f', 'LJ_458f38e1f72f4aeea3e11ab34c117512', NULL, '2019-3-21 15:30:52', NULL, '2019-3-21 15:30:52', 32);
INSERT INTO hx.`shop_config` (`CODE`, `SHOP_NO`, `SHOP_NAME`, `MERCHANT_NO`, `MERCHANT_NAME`, `LABLE_NAME`, `LABLE_NO`, `PARENT_CODE`, `UPDATE_ID`, `UPDATE_DATE`, `CREATE_ID`, `CREATE_DATE`, `INDEX_NO`) VALUES ('LJ_a3c252ecb59543df88f1dff21b52e615', NULL, NULL, '1', NULL, '戴牙复诊', 'LJ_a3c252ecb59543df88f1dff21b52e615', 'LJ_0a7a97768d6445aeb5703e3fcca8cede', NULL, '2019-3-21 15:30:52', NULL, '2019-3-21 15:30:52', 36);
INSERT INTO hx.`shop_config` (`CODE`, `SHOP_NO`, `SHOP_NAME`, `MERCHANT_NO`, `MERCHANT_NAME`, `LABLE_NAME`, `LABLE_NO`, `PARENT_CODE`, `UPDATE_ID`, `UPDATE_DATE`, `CREATE_ID`, `CREATE_DATE`, `INDEX_NO`) VALUES ('LJ_a72a530a03f04f4db6df89fbc2cc7339', NULL, NULL, '1', NULL, '隐形结束', 'LJ_a72a530a03f04f4db6df89fbc2cc7339', 'LJ_458f38e1f72f4aeea3e11ab34c117512', NULL, '2019-3-21 15:30:51', NULL, '2019-3-21 15:30:51', 27);
INSERT INTO hx.`shop_config` (`CODE`, `SHOP_NO`, `SHOP_NAME`, `MERCHANT_NO`, `MERCHANT_NAME`, `LABLE_NAME`, `LABLE_NO`, `PARENT_CODE`, `UPDATE_ID`, `UPDATE_DATE`, `CREATE_ID`, `CREATE_DATE`, `INDEX_NO`) VALUES ('LJ_a7abed13b940484f9badea1c54a5c43e', NULL, NULL, '1', NULL, '临时牙', 'LJ_a7abed13b940484f9badea1c54a5c43e', 'LJ_5f77fd9d1e004d7cbb321b84a024f88b', NULL, '2019-3-21 15:30:53', NULL, '2019-3-21 15:30:53', 50);
INSERT INTO hx.`shop_config` (`CODE`, `SHOP_NO`, `SHOP_NAME`, `MERCHANT_NO`, `MERCHANT_NAME`, `LABLE_NAME`, `LABLE_NO`, `PARENT_CODE`, `UPDATE_ID`, `UPDATE_DATE`, `CREATE_ID`, `CREATE_DATE`, `INDEX_NO`) VALUES ('LJ_a843172de80846118b67df8a93a1abca', NULL, NULL, '1', NULL, '种植咨询', 'LJ_a843172de80846118b67df8a93a1abca', 'LJ_0a7a97768d6445aeb5703e3fcca8cede', NULL, '2019-3-21 15:30:52', NULL, '2019-3-21 15:30:52', 38);
INSERT INTO hx.`shop_config` (`CODE`, `SHOP_NO`, `SHOP_NAME`, `MERCHANT_NO`, `MERCHANT_NAME`, `LABLE_NAME`, `LABLE_NO`, `PARENT_CODE`, `UPDATE_ID`, `UPDATE_DATE`, `CREATE_ID`, `CREATE_DATE`, `INDEX_NO`) VALUES ('LJ_a880d03e2f2d464a8fa2aff2ff78d8b3', NULL, NULL, '1', NULL, '拆冠', 'LJ_a880d03e2f2d464a8fa2aff2ff78d8b3', 'LJ_5f77fd9d1e004d7cbb321b84a024f88b', NULL, '2019-3-21 15:30:54', NULL, '2019-3-21 15:30:54', 57);
INSERT INTO hx.`shop_config` (`CODE`, `SHOP_NO`, `SHOP_NAME`, `MERCHANT_NO`, `MERCHANT_NAME`, `LABLE_NAME`, `LABLE_NO`, `PARENT_CODE`, `UPDATE_ID`, `UPDATE_DATE`, `CREATE_ID`, `CREATE_DATE`, `INDEX_NO`) VALUES ('LJ_aabd71768ddd4ad78f3b470b5542d512', NULL, NULL, '1', NULL, '修义齿', 'LJ_aabd71768ddd4ad78f3b470b5542d512', 'LJ_5f77fd9d1e004d7cbb321b84a024f88b', NULL, '2019-3-21 15:30:54', NULL, '2019-3-21 15:30:54', 63);
INSERT INTO hx.`shop_config` (`CODE`, `SHOP_NO`, `SHOP_NAME`, `MERCHANT_NO`, `MERCHANT_NAME`, `LABLE_NAME`, `LABLE_NO`, `PARENT_CODE`, `UPDATE_ID`, `UPDATE_DATE`, `CREATE_ID`, `CREATE_DATE`, `INDEX_NO`) VALUES ('LJ_aae04555d3e347dc8a6077629ae39b4b', NULL, NULL, '1', NULL, '取模、拍照', 'LJ_aae04555d3e347dc8a6077629ae39b4b', 'LJ_458f38e1f72f4aeea3e11ab34c117512', NULL, '2019-3-21 15:30:44', NULL, '2019-3-21 15:30:44', 7);
INSERT INTO hx.`shop_config` (`CODE`, `SHOP_NO`, `SHOP_NAME`, `MERCHANT_NO`, `MERCHANT_NAME`, `LABLE_NAME`, `LABLE_NO`, `PARENT_CODE`, `UPDATE_ID`, `UPDATE_DATE`, `CREATE_ID`, `CREATE_DATE`, `INDEX_NO`) VALUES ('LJ_ab2ae3a3a8a0413c968aac6f48415245', NULL, NULL, '1', NULL, '戴贴面', 'LJ_ab2ae3a3a8a0413c968aac6f48415245', 'LJ_0a318803849e44b7af5f90c760615bca', NULL, '2019-3-21 15:30:57', NULL, '2019-3-21 15:30:57', 100);
INSERT INTO hx.`shop_config` (`CODE`, `SHOP_NO`, `SHOP_NAME`, `MERCHANT_NO`, `MERCHANT_NAME`, `LABLE_NAME`, `LABLE_NO`, `PARENT_CODE`, `UPDATE_ID`, `UPDATE_DATE`, `CREATE_ID`, `CREATE_DATE`, `INDEX_NO`) VALUES ('LJ_abf48614e1524b99b1cf043a5e949b2f', NULL, NULL, '1', NULL, '戴牙', 'LJ_abf48614e1524b99b1cf043a5e949b2f', 'LJ_0a318803849e44b7af5f90c760615bca', NULL, '2019-3-21 15:30:57', NULL, '2019-3-21 15:30:57', 99);
INSERT INTO hx.`shop_config` (`CODE`, `SHOP_NO`, `SHOP_NAME`, `MERCHANT_NO`, `MERCHANT_NAME`, `LABLE_NAME`, `LABLE_NO`, `PARENT_CODE`, `UPDATE_ID`, `UPDATE_DATE`, `CREATE_ID`, `CREATE_DATE`, `INDEX_NO`) VALUES ('LJ_ac8d6b2f19b7402caf0b10d5ae6dd643', NULL, NULL, '1', NULL, '牙周治疗', 'LJ_ac8d6b2f19b7402caf0b10d5ae6dd643', 'LJ_549522158c01421792823a626e50f40c', NULL, '2019-3-21 15:30:55', NULL, '2019-3-21 15:30:55', 79);
INSERT INTO hx.`shop_config` (`CODE`, `SHOP_NO`, `SHOP_NAME`, `MERCHANT_NO`, `MERCHANT_NAME`, `LABLE_NAME`, `LABLE_NO`, `PARENT_CODE`, `UPDATE_ID`, `UPDATE_DATE`, `CREATE_ID`, `CREATE_DATE`, `INDEX_NO`) VALUES ('LJ_adff93c4cd3b4dd5bdaf788a642bb3dd', NULL, NULL, '1', NULL, '客户类型', 'user_type', NULL, NULL, NULL, NULL, NULL, 1);
INSERT INTO hx.`shop_config` (`CODE`, `SHOP_NO`, `SHOP_NAME`, `MERCHANT_NO`, `MERCHANT_NAME`, `LABLE_NAME`, `LABLE_NO`, `PARENT_CODE`, `UPDATE_ID`, `UPDATE_DATE`, `CREATE_ID`, `CREATE_DATE`, `INDEX_NO`) VALUES ('LJ_afd06c66ad7c40268ea4426ac6cb488f', NULL, NULL, '1', NULL, '取模精调或做保持器', 'LJ_afd06c66ad7c40268ea4426ac6cb488f', 'LJ_458f38e1f72f4aeea3e11ab34c117512', NULL, '2019-3-21 15:30:45', NULL, '2019-3-21 15:30:45', 10);
INSERT INTO hx.`shop_config` (`CODE`, `SHOP_NO`, `SHOP_NAME`, `MERCHANT_NO`, `MERCHANT_NAME`, `LABLE_NAME`, `LABLE_NO`, `PARENT_CODE`, `UPDATE_ID`, `UPDATE_DATE`, `CREATE_ID`, `CREATE_DATE`, `INDEX_NO`) VALUES ('LJ_b1609ae678c8412780a36bb4d0d07c7e', NULL, NULL, '1', NULL, '涂氟', 'LJ_b1609ae678c8412780a36bb4d0d07c7e', 'LJ_0a318803849e44b7af5f90c760615bca', NULL, '2019-3-21 15:30:56', NULL, '2019-3-21 15:30:56', 95);
INSERT INTO hx.`shop_config` (`CODE`, `SHOP_NO`, `SHOP_NAME`, `MERCHANT_NO`, `MERCHANT_NAME`, `LABLE_NAME`, `LABLE_NO`, `PARENT_CODE`, `UPDATE_ID`, `UPDATE_DATE`, `CREATE_ID`, `CREATE_DATE`, `INDEX_NO`) VALUES ('LJ_b52e8812457b47eaa036620c3de3af6b', NULL, NULL, '1', NULL, '修复咨询', 'LJ_b52e8812457b47eaa036620c3de3af6b', 'LJ_5f77fd9d1e004d7cbb321b84a024f88b', NULL, '2019-3-21 15:30:53', NULL, '2019-3-21 15:30:53', 51);
INSERT INTO hx.`shop_config` (`CODE`, `SHOP_NO`, `SHOP_NAME`, `MERCHANT_NO`, `MERCHANT_NAME`, `LABLE_NAME`, `LABLE_NO`, `PARENT_CODE`, `UPDATE_ID`, `UPDATE_DATE`, `CREATE_ID`, `CREATE_DATE`, `INDEX_NO`) VALUES ('LJ_b7383dbd2ff14082accc7edd4580e63c', NULL, NULL, '1', NULL, '其他', 'LJ_b7383dbd2ff14082accc7edd4580e63c', 'LJ_bf6a7628c71f451db1d9be77e3d16279', NULL, '2019-3-21 15:30:33', NULL, '2019-3-21 15:30:33', 4);
INSERT INTO hx.`shop_config` (`CODE`, `SHOP_NO`, `SHOP_NAME`, `MERCHANT_NO`, `MERCHANT_NAME`, `LABLE_NAME`, `LABLE_NO`, `PARENT_CODE`, `UPDATE_ID`, `UPDATE_DATE`, `CREATE_ID`, `CREATE_DATE`, `INDEX_NO`) VALUES ('LJ_b824cceb95dd45d69d3104623bf34bb6', NULL, NULL, '1', NULL, '寄牙套', 'LJ_b824cceb95dd45d69d3104623bf34bb6', 'LJ_458f38e1f72f4aeea3e11ab34c117512', NULL, '2019-3-21 15:30:44', NULL, '2019-3-21 15:30:44', 5);
INSERT INTO hx.`shop_config` (`CODE`, `SHOP_NO`, `SHOP_NAME`, `MERCHANT_NO`, `MERCHANT_NAME`, `LABLE_NAME`, `LABLE_NO`, `PARENT_CODE`, `UPDATE_ID`, `UPDATE_DATE`, `CREATE_ID`, `CREATE_DATE`, `INDEX_NO`) VALUES ('LJ_b8cdf831655646418fe7f8d14c0244f3', NULL, NULL, '1', NULL, '家在附近', 'LJ_b8cdf831655646418fe7f8d14c0244f3', 'LJ_c039e3769c36463486c8df8083d7f6e3', NULL, '2019-3-21 15:30:34', NULL, '2019-3-21 15:30:34', 13);
INSERT INTO hx.`shop_config` (`CODE`, `SHOP_NO`, `SHOP_NAME`, `MERCHANT_NO`, `MERCHANT_NAME`, `LABLE_NAME`, `LABLE_NO`, `PARENT_CODE`, `UPDATE_ID`, `UPDATE_DATE`, `CREATE_ID`, `CREATE_DATE`, `INDEX_NO`) VALUES ('LJ_bc7fa01a7a6645c8b8f3c745c23eb9bb', NULL, NULL, '1', NULL, '拔牙咨询', 'LJ_bc7fa01a7a6645c8b8f3c745c23eb9bb', 'LJ_78e0a157240a4553a1afed215cf8801d', NULL, '2019-3-21 15:30:55', NULL, '2019-3-21 15:30:55', 70);
INSERT INTO hx.`shop_config` (`CODE`, `SHOP_NO`, `SHOP_NAME`, `MERCHANT_NO`, `MERCHANT_NAME`, `LABLE_NAME`, `LABLE_NO`, `PARENT_CODE`, `UPDATE_ID`, `UPDATE_DATE`, `CREATE_ID`, `CREATE_DATE`, `INDEX_NO`) VALUES ('LJ_bd14398dcceb4cf1a48d22547ca77edf', NULL, NULL, '1', NULL, '托槽脱落', 'LJ_bd14398dcceb4cf1a48d22547ca77edf', 'LJ_458f38e1f72f4aeea3e11ab34c117512', NULL, '2019-3-21 15:30:48', NULL, '2019-3-21 15:30:48', 15);
INSERT INTO hx.`shop_config` (`CODE`, `SHOP_NO`, `SHOP_NAME`, `MERCHANT_NO`, `MERCHANT_NAME`, `LABLE_NAME`, `LABLE_NO`, `PARENT_CODE`, `UPDATE_ID`, `UPDATE_DATE`, `CREATE_ID`, `CREATE_DATE`, `INDEX_NO`) VALUES ('LJ_bd5450cc94f64037836e6e936db422eb', NULL, NULL, '1', NULL, '隐形附件脱落', 'LJ_bd5450cc94f64037836e6e936db422eb', 'LJ_458f38e1f72f4aeea3e11ab34c117512', NULL, '2019-3-21 15:30:52', NULL, '2019-3-21 15:30:52', 29);
INSERT INTO hx.`shop_config` (`CODE`, `SHOP_NO`, `SHOP_NAME`, `MERCHANT_NO`, `MERCHANT_NAME`, `LABLE_NAME`, `LABLE_NO`, `PARENT_CODE`, `UPDATE_ID`, `UPDATE_DATE`, `CREATE_ID`, `CREATE_DATE`, `INDEX_NO`) VALUES ('LJ_bea3797bdf754dbfae3cf0edefa89ab6', NULL, NULL, '1', NULL, '不约', 'LJ_bea3797bdf754dbfae3cf0edefa89ab6', 'LJ_0a318803849e44b7af5f90c760615bca', NULL, '2019-3-21 15:30:57', NULL, '2019-3-21 15:30:57', 108);
INSERT INTO hx.`shop_config` (`CODE`, `SHOP_NO`, `SHOP_NAME`, `MERCHANT_NO`, `MERCHANT_NAME`, `LABLE_NAME`, `LABLE_NO`, `PARENT_CODE`, `UPDATE_ID`, `UPDATE_DATE`, `CREATE_ID`, `CREATE_DATE`, `INDEX_NO`) VALUES ('LJ_bf6a7628c71f451db1d9be77e3d16279', NULL, NULL, '1', NULL, '美团', 'LJ_bf6a7628c71f451db1d9be77e3d16279', 'LJ_8d2c107844ed44699c67d38803edf879', NULL, '2019-3-21 15:30:32', NULL, '2019-3-21 15:30:32', 1);
INSERT INTO hx.`shop_config` (`CODE`, `SHOP_NO`, `SHOP_NAME`, `MERCHANT_NO`, `MERCHANT_NAME`, `LABLE_NAME`, `LABLE_NO`, `PARENT_CODE`, `UPDATE_ID`, `UPDATE_DATE`, `CREATE_ID`, `CREATE_DATE`, `INDEX_NO`) VALUES ('LJ_c02368408b194c3db5658e9358d57e2c', NULL, NULL, '1', NULL, '试内冠', 'LJ_c02368408b194c3db5658e9358d57e2c', 'LJ_5f77fd9d1e004d7cbb321b84a024f88b', NULL, '2019-3-21 15:30:54', NULL, '2019-3-21 15:30:54', 59);
INSERT INTO hx.`shop_config` (`CODE`, `SHOP_NO`, `SHOP_NAME`, `MERCHANT_NO`, `MERCHANT_NAME`, `LABLE_NAME`, `LABLE_NO`, `PARENT_CODE`, `UPDATE_ID`, `UPDATE_DATE`, `CREATE_ID`, `CREATE_DATE`, `INDEX_NO`) VALUES ('LJ_c039e3769c36463486c8df8083d7f6e3', NULL, NULL, '1', NULL, '自主上门', 'LJ_c039e3769c36463486c8df8083d7f6e3', 'LJ_8d2c107844ed44699c67d38803edf879', NULL, '2019-3-21 15:30:33', NULL, '2019-3-21 15:30:33', 7);
INSERT INTO hx.`shop_config` (`CODE`, `SHOP_NO`, `SHOP_NAME`, `MERCHANT_NO`, `MERCHANT_NAME`, `LABLE_NAME`, `LABLE_NO`, `PARENT_CODE`, `UPDATE_ID`, `UPDATE_DATE`, `CREATE_ID`, `CREATE_DATE`, `INDEX_NO`) VALUES ('LJ_c0d3b2eebf0e4850b73d8199c0348f64', NULL, NULL, '1', NULL, '洁牙', 'LJ_c0d3b2eebf0e4850b73d8199c0348f64', 'LJ_e73e4568e40d44239fce6df9713d68ff', NULL, '2019-3-21 15:30:56', NULL, '2019-3-21 15:30:56', 93);
INSERT INTO hx.`shop_config` (`CODE`, `SHOP_NO`, `SHOP_NAME`, `MERCHANT_NO`, `MERCHANT_NAME`, `LABLE_NAME`, `LABLE_NO`, `PARENT_CODE`, `UPDATE_ID`, `UPDATE_DATE`, `CREATE_ID`, `CREATE_DATE`, `INDEX_NO`) VALUES ('LJ_c0fbfb0a3d374f7082d4633adfe92436', NULL, NULL, '1', NULL, '提醒换牙', 'LJ_c0fbfb0a3d374f7082d4633adfe92436', 'LJ_458f38e1f72f4aeea3e11ab34c117512', NULL, '2019-3-21 15:30:45', NULL, '2019-3-21 15:30:45', 8);
INSERT INTO hx.`shop_config` (`CODE`, `SHOP_NO`, `SHOP_NAME`, `MERCHANT_NO`, `MERCHANT_NAME`, `LABLE_NAME`, `LABLE_NO`, `PARENT_CODE`, `UPDATE_ID`, `UPDATE_DATE`, `CREATE_ID`, `CREATE_DATE`, `INDEX_NO`) VALUES ('LJ_c2a9176e9f09424ca32d811cb566039b', NULL, NULL, '1', NULL, '钢丝扎嘴', 'LJ_c2a9176e9f09424ca32d811cb566039b', 'LJ_458f38e1f72f4aeea3e11ab34c117512', NULL, '2019-3-21 15:30:51', NULL, '2019-3-21 15:30:51', 23);
INSERT INTO hx.`shop_config` (`CODE`, `SHOP_NO`, `SHOP_NAME`, `MERCHANT_NO`, `MERCHANT_NAME`, `LABLE_NAME`, `LABLE_NO`, `PARENT_CODE`, `UPDATE_ID`, `UPDATE_DATE`, `CREATE_ID`, `CREATE_DATE`, `INDEX_NO`) VALUES ('LJ_c4b0b2c2c31d4c31b639f02c6d2356bc', NULL, NULL, '1', NULL, '正畸拔牙', 'LJ_c4b0b2c2c31d4c31b639f02c6d2356bc', 'LJ_458f38e1f72f4aeea3e11ab34c117512', NULL, '2019-3-21 15:30:52', NULL, '2019-3-21 15:30:52', 33);
INSERT INTO hx.`shop_config` (`CODE`, `SHOP_NO`, `SHOP_NAME`, `MERCHANT_NO`, `MERCHANT_NAME`, `LABLE_NAME`, `LABLE_NO`, `PARENT_CODE`, `UPDATE_ID`, `UPDATE_DATE`, `CREATE_ID`, `CREATE_DATE`, `INDEX_NO`) VALUES ('LJ_c71b0536717343148dfef528c117f09d', NULL, NULL, '1', NULL, '微信公众号', 'LJ_c71b0536717343148dfef528c117f09d', 'LJ_8d2c107844ed44699c67d38803edf879', NULL, '2019-3-21 15:30:34', NULL, '2019-3-21 15:30:34', 9);
INSERT INTO hx.`shop_config` (`CODE`, `SHOP_NO`, `SHOP_NAME`, `MERCHANT_NO`, `MERCHANT_NAME`, `LABLE_NAME`, `LABLE_NO`, `PARENT_CODE`, `UPDATE_ID`, `UPDATE_DATE`, `CREATE_ID`, `CREATE_DATE`, `INDEX_NO`) VALUES ('LJ_c753d93840fb4c3995b0f8bb8a9816fd', NULL, NULL, '1', NULL, '休息', 'LJ_c753d93840fb4c3995b0f8bb8a9816fd', 'LJ_0a318803849e44b7af5f90c760615bca', NULL, '2019-3-21 15:30:56', NULL, '2019-3-21 15:30:56', 96);
INSERT INTO hx.`shop_config` (`CODE`, `SHOP_NO`, `SHOP_NAME`, `MERCHANT_NO`, `MERCHANT_NAME`, `LABLE_NAME`, `LABLE_NO`, `PARENT_CODE`, `UPDATE_ID`, `UPDATE_DATE`, `CREATE_ID`, `CREATE_DATE`, `INDEX_NO`) VALUES ('LJ_c802497e03fc498eb7c8b00436343e31', NULL, NULL, '1', NULL, '拆附件', 'LJ_c802497e03fc498eb7c8b00436343e31', 'LJ_458f38e1f72f4aeea3e11ab34c117512', NULL, '2019-3-21 15:30:44', NULL, '2019-3-21 15:30:44', 3);
INSERT INTO hx.`shop_config` (`CODE`, `SHOP_NO`, `SHOP_NAME`, `MERCHANT_NO`, `MERCHANT_NAME`, `LABLE_NAME`, `LABLE_NO`, `PARENT_CODE`, `UPDATE_ID`, `UPDATE_DATE`, `CREATE_ID`, `CREATE_DATE`, `INDEX_NO`) VALUES ('LJ_d0fcfac66f80412c9aec1720d3854e53', NULL, NULL, '1', NULL, '美团洁牙', 'LJ_d0fcfac66f80412c9aec1720d3854e53', 'LJ_0a318803849e44b7af5f90c760615bca', NULL, '2019-3-21 15:30:57', NULL, '2019-3-21 15:30:57', 105);
INSERT INTO hx.`shop_config` (`CODE`, `SHOP_NO`, `SHOP_NAME`, `MERCHANT_NO`, `MERCHANT_NAME`, `LABLE_NAME`, `LABLE_NO`, `PARENT_CODE`, `UPDATE_ID`, `UPDATE_DATE`, `CREATE_ID`, `CREATE_DATE`, `INDEX_NO`) VALUES ('LJ_d56df94068f4474abae99103629a17d6', NULL, NULL, '1', NULL, '种植复诊', 'LJ_d56df94068f4474abae99103629a17d6', 'LJ_0a7a97768d6445aeb5703e3fcca8cede', NULL, '2019-3-21 15:30:53', NULL, '2019-3-21 15:30:53', 39);
INSERT INTO hx.`shop_config` (`CODE`, `SHOP_NO`, `SHOP_NAME`, `MERCHANT_NO`, `MERCHANT_NAME`, `LABLE_NAME`, `LABLE_NO`, `PARENT_CODE`, `UPDATE_ID`, `UPDATE_DATE`, `CREATE_ID`, `CREATE_DATE`, `INDEX_NO`) VALUES ('LJ_da3d2915117f41b7b8e728823378f6b6', NULL, NULL, '1', NULL, '种植戴牙复查', 'LJ_da3d2915117f41b7b8e728823378f6b6', 'LJ_0a7a97768d6445aeb5703e3fcca8cede', NULL, '2019-3-21 15:30:53', NULL, '2019-3-21 15:30:53', 41);
INSERT INTO hx.`shop_config` (`CODE`, `SHOP_NO`, `SHOP_NAME`, `MERCHANT_NO`, `MERCHANT_NAME`, `LABLE_NAME`, `LABLE_NO`, `PARENT_CODE`, `UPDATE_ID`, `UPDATE_DATE`, `CREATE_ID`, `CREATE_DATE`, `INDEX_NO`) VALUES ('LJ_daf63e0da9494e23a71e4eaec170493d', NULL, NULL, '1', NULL, '免费洁牙', 'LJ_daf63e0da9494e23a71e4eaec170493d', 'LJ_0a318803849e44b7af5f90c760615bca', NULL, '2019-3-21 15:30:57', NULL, '2019-3-21 15:30:57', 107);
INSERT INTO hx.`shop_config` (`CODE`, `SHOP_NO`, `SHOP_NAME`, `MERCHANT_NO`, `MERCHANT_NAME`, `LABLE_NAME`, `LABLE_NO`, `PARENT_CODE`, `UPDATE_ID`, `UPDATE_DATE`, `CREATE_ID`, `CREATE_DATE`, `INDEX_NO`) VALUES ('LJ_dbf80e1a49d84ab2820651baff20a851', NULL, NULL, '1', NULL, '种植取模修复', 'LJ_dbf80e1a49d84ab2820651baff20a851', 'LJ_0a7a97768d6445aeb5703e3fcca8cede', NULL, '2019-3-21 15:30:53', NULL, '2019-3-21 15:30:53', 46);
INSERT INTO hx.`shop_config` (`CODE`, `SHOP_NO`, `SHOP_NAME`, `MERCHANT_NO`, `MERCHANT_NAME`, `LABLE_NAME`, `LABLE_NO`, `PARENT_CODE`, `UPDATE_ID`, `UPDATE_DATE`, `CREATE_ID`, `CREATE_DATE`, `INDEX_NO`) VALUES ('LJ_ddfc01bc07464886a1da2d7eebe18270', NULL, NULL, '1', NULL, '种植手术', 'LJ_ddfc01bc07464886a1da2d7eebe18270', 'LJ_0a7a97768d6445aeb5703e3fcca8cede', NULL, '2019-3-21 15:30:53', NULL, '2019-3-21 15:30:53', 43);
INSERT INTO hx.`shop_config` (`CODE`, `SHOP_NO`, `SHOP_NAME`, `MERCHANT_NO`, `MERCHANT_NAME`, `LABLE_NAME`, `LABLE_NO`, `PARENT_CODE`, `UPDATE_ID`, `UPDATE_DATE`, `CREATE_ID`, `CREATE_DATE`, `INDEX_NO`) VALUES ('LJ_e4498e70ac4c4527bf4ba295b02d98b9', NULL, NULL, '1', NULL, '转介绍', 'LJ_e4498e70ac4c4527bf4ba295b02d98b9', 'LJ_8d2c107844ed44699c67d38803edf879', NULL, '2019-3-21 15:30:33', NULL, '2019-3-21 15:30:33', 6);
INSERT INTO hx.`shop_config` (`CODE`, `SHOP_NO`, `SHOP_NAME`, `MERCHANT_NO`, `MERCHANT_NAME`, `LABLE_NAME`, `LABLE_NO`, `PARENT_CODE`, `UPDATE_ID`, `UPDATE_DATE`, `CREATE_ID`, `CREATE_DATE`, `INDEX_NO`) VALUES ('LJ_e50ea6731be1489db102741a1669fc7c', NULL, NULL, '1', NULL, '口腔检查', 'LJ_e50ea6731be1489db102741a1669fc7c', 'LJ_8a3491b89f2d414f87439fa16778b243', NULL, '2019-3-21 15:30:54', NULL, '2019-3-21 15:30:54', 65);
INSERT INTO hx.`shop_config` (`CODE`, `SHOP_NO`, `SHOP_NAME`, `MERCHANT_NO`, `MERCHANT_NAME`, `LABLE_NAME`, `LABLE_NO`, `PARENT_CODE`, `UPDATE_ID`, `UPDATE_DATE`, `CREATE_ID`, `CREATE_DATE`, `INDEX_NO`) VALUES ('LJ_e73e4568e40d44239fce6df9713d68ff', NULL, NULL, '1', NULL, '洁牙', 'LJ_e73e4568e40d44239fce6df9713d68ff', 'LJ_4cb7d94e95bc415d804af76fc5c418af', NULL, '2019-3-21 15:30:56', NULL, '2019-3-21 15:30:56', 9);
INSERT INTO hx.`shop_config` (`CODE`, `SHOP_NO`, `SHOP_NAME`, `MERCHANT_NO`, `MERCHANT_NAME`, `LABLE_NAME`, `LABLE_NO`, `PARENT_CODE`, `UPDATE_ID`, `UPDATE_DATE`, `CREATE_ID`, `CREATE_DATE`, `INDEX_NO`) VALUES ('LJ_eebe4d653a044c6a8e83ef168f15852d', NULL, NULL, '1', NULL, '种植二期', 'LJ_eebe4d653a044c6a8e83ef168f15852d', 'LJ_0a7a97768d6445aeb5703e3fcca8cede', NULL, '2019-3-21 15:30:53', NULL, '2019-3-21 15:30:53', 44);
INSERT INTO hx.`shop_config` (`CODE`, `SHOP_NO`, `SHOP_NAME`, `MERCHANT_NO`, `MERCHANT_NAME`, `LABLE_NAME`, `LABLE_NO`, `PARENT_CODE`, `UPDATE_ID`, `UPDATE_DATE`, `CREATE_ID`, `CREATE_DATE`, `INDEX_NO`) VALUES ('LJ_eef0e1256cd74c4ca766f6ee5963d6bb', NULL, NULL, '1', NULL, '确认正畸方案', 'LJ_eef0e1256cd74c4ca766f6ee5963d6bb', 'LJ_458f38e1f72f4aeea3e11ab34c117512', NULL, '2019-3-21 15:30:51', NULL, '2019-3-21 15:30:51', 20);
INSERT INTO hx.`shop_config` (`CODE`, `SHOP_NO`, `SHOP_NAME`, `MERCHANT_NO`, `MERCHANT_NAME`, `LABLE_NAME`, `LABLE_NO`, `PARENT_CODE`, `UPDATE_ID`, `UPDATE_DATE`, `CREATE_ID`, `CREATE_DATE`, `INDEX_NO`) VALUES ('LJ_f01eeaca14544bf8ac7bd98c341a7279', NULL, NULL, '1', NULL, '贴面咨询', 'LJ_f01eeaca14544bf8ac7bd98c341a7279', 'LJ_0a318803849e44b7af5f90c760615bca', NULL, '2019-3-21 15:30:57', NULL, '2019-3-21 15:30:57', 104);
INSERT INTO hx.`shop_config` (`CODE`, `SHOP_NO`, `SHOP_NAME`, `MERCHANT_NO`, `MERCHANT_NAME`, `LABLE_NAME`, `LABLE_NO`, `PARENT_CODE`, `UPDATE_ID`, `UPDATE_DATE`, `CREATE_ID`, `CREATE_DATE`, `INDEX_NO`) VALUES ('LJ_f1c1708c66de4aa683534c895d66fbd8', NULL, NULL, '1', NULL, '根充', 'LJ_f1c1708c66de4aa683534c895d66fbd8', 'LJ_18756dbb810742899665a5919c9399fb', NULL, '2019-3-21 15:30:56', NULL, '2019-3-21 15:30:56', 87);
INSERT INTO hx.`shop_config` (`CODE`, `SHOP_NO`, `SHOP_NAME`, `MERCHANT_NO`, `MERCHANT_NAME`, `LABLE_NAME`, `LABLE_NO`, `PARENT_CODE`, `UPDATE_ID`, `UPDATE_DATE`, `CREATE_ID`, `CREATE_DATE`, `INDEX_NO`) VALUES ('LJ_f213928f36a5427ea5d4e04a04738477', NULL, NULL, '1', NULL, '种植定期', 'LJ_f213928f36a5427ea5d4e04a04738477', 'LJ_0a7a97768d6445aeb5703e3fcca8cede', NULL, '2019-3-21 15:30:53', NULL, '2019-3-21 15:30:53', 47);
INSERT INTO hx.`shop_config` (`CODE`, `SHOP_NO`, `SHOP_NAME`, `MERCHANT_NO`, `MERCHANT_NAME`, `LABLE_NAME`, `LABLE_NO`, `PARENT_CODE`, `UPDATE_ID`, `UPDATE_DATE`, `CREATE_ID`, `CREATE_DATE`, `INDEX_NO`) VALUES ('LJ_f60055a2a13e4eec8a72b1b5f1e02dd0', NULL, NULL, '1', NULL, '龈下洁治', 'LJ_f60055a2a13e4eec8a72b1b5f1e02dd0', 'LJ_549522158c01421792823a626e50f40c', NULL, '2019-3-21 15:30:56', NULL, '2019-3-21 15:30:56', 83);
INSERT INTO hx.`shop_config` (`CODE`, `SHOP_NO`, `SHOP_NAME`, `MERCHANT_NO`, `MERCHANT_NAME`, `LABLE_NAME`, `LABLE_NO`, `PARENT_CODE`, `UPDATE_ID`, `UPDATE_DATE`, `CREATE_ID`, `CREATE_DATE`, `INDEX_NO`) VALUES ('LJ_f64a3312eb2448eb946ce5076f592f8c', NULL, NULL, '1', NULL, '弓丝戳嘴', 'LJ_f64a3312eb2448eb946ce5076f592f8c', 'LJ_458f38e1f72f4aeea3e11ab34c117512', NULL, '2019-3-21 15:30:46', NULL, '2019-3-21 15:30:46', 12);
INSERT INTO hx.`shop_config` (`CODE`, `SHOP_NO`, `SHOP_NAME`, `MERCHANT_NO`, `MERCHANT_NAME`, `LABLE_NAME`, `LABLE_NO`, `PARENT_CODE`, `UPDATE_ID`, `UPDATE_DATE`, `CREATE_ID`, `CREATE_DATE`, `INDEX_NO`) VALUES ('LJ_f89a75b96db44284909f0521fd51aaed', NULL, NULL, '1', NULL, '美团团购', 'LJ_f89a75b96db44284909f0521fd51aaed', 'LJ_bf6a7628c71f451db1d9be77e3d16279', NULL, '2019-3-21 15:30:32', NULL, '2019-3-21 15:30:32', 2);
INSERT INTO hx.`shop_config` (`CODE`, `SHOP_NO`, `SHOP_NAME`, `MERCHANT_NO`, `MERCHANT_NAME`, `LABLE_NAME`, `LABLE_NO`, `PARENT_CODE`, `UPDATE_ID`, `UPDATE_DATE`, `CREATE_ID`, `CREATE_DATE`, `INDEX_NO`) VALUES ('LJ_fea362f46e31437a8b70a37d4085daa9', NULL, NULL, '1', NULL, '试戴义齿', 'LJ_fea362f46e31437a8b70a37d4085daa9', 'LJ_5f77fd9d1e004d7cbb321b84a024f88b', NULL, '2019-3-21 15:30:54', NULL, '2019-3-21 15:30:54', 60);
INSERT INTO hx.`shop_config` (`CODE`, `SHOP_NO`, `SHOP_NAME`, `MERCHANT_NO`, `MERCHANT_NAME`, `LABLE_NAME`, `LABLE_NO`, `PARENT_CODE`, `UPDATE_ID`, `UPDATE_DATE`, `CREATE_ID`, `CREATE_DATE`, `INDEX_NO`) VALUES ('LJ_ff56f0f32b0d46fbb671aaff6022c98a', NULL, NULL, '1', NULL, '就医160', 'LJ_ff56f0f32b0d46fbb671aaff6022c98a', 'LJ_8d2c107844ed44699c67d38803edf879', NULL, '2019-3-21 15:30:33', NULL, '2019-3-21 15:30:33', 2);

#好乐美 OMS菜单，IM菜单链接需要替换成实际域名
INSERT INTO oms.`sys_menu` (`id`, `parent_id`, `parent_ids`, `name`, `sort`, `href`, `target`, `icon`, `is_show`, `permission`, `create_by`, `create_date`, `update_by`, `update_date`, `remarks`, `del_flag`) VALUES ('03c91e1b67534c419aac3331a687f646', 'ede5afc9872c40a49420a2eb82a1f673', '0,1,9dea0faafc8f45eaa4fcaeeb858dd6f7,ede5afc9872c40a49420a2eb82a1f673,', '查看', 30, '/hx/shop/server', '', '', '0', 'hx:shopserver:view', '1', '2019-3-18 12:15:15', '1', '2019-3-18 12:15:15', '', '0');
INSERT INTO oms.`sys_menu` (`id`, `parent_id`, `parent_ids`, `name`, `sort`, `href`, `target`, `icon`, `is_show`, `permission`, `create_by`, `create_date`, `update_by`, `update_date`, `remarks`, `del_flag`) VALUES ('775c014c3ca24cd9b7f0506e5837304a', 'ebba8b7c400d46f78c220f702a17ba99', '0,1,ebba8b7c400d46f78c220f702a17ba99,', '今日工作', 30, '/', '', '', '1', 'WorkToday', '1', '2019-3-15 10:02:35', '1', '2019-3-25 17:27:43', '', '0');
INSERT INTO oms.`sys_menu` (`id`, `parent_id`, `parent_ids`, `name`, `sort`, `href`, `target`, `icon`, `is_show`, `permission`, `create_by`, `create_date`, `update_by`, `update_date`, `remarks`, `del_flag`) VALUES ('85c97953eb3a44ce9302f7a29000305e', '4a6eb58bd89a4aff833d338bace3e900', '0,1,9dea0faafc8f45eaa4fcaeeb858dd6f7,4a6eb58bd89a4aff833d338bace3e900,', '查看', 30, '/hx/serverInfo/list', '', '', '0', 'hx:serverinfo:view', '1', '2019-3-15 12:24:57', '1', '2019-3-15 12:24:57', '', '0');
INSERT INTO oms.`sys_menu` (`id`, `parent_id`, `parent_ids`, `name`, `sort`, `href`, `target`, `icon`, `is_show`, `permission`, `create_by`, `create_date`, `update_by`, `update_date`, `remarks`, `del_flag`) VALUES ('9bff597918814e9e9e517adaff15b92f', 'f8b61f347b0747e5ad706e6ae1994b92', '0,1,ebba8b7c400d46f78c220f702a17ba99,f8b61f347b0747e5ad706e6ae1994b92,', '新增患者', 30, '/AddPatient', '', '', '0', 'AddPatient', '1', '2019-3-25 17:38:26', '1', '2019-3-25 19:26:44', '', '0');
INSERT INTO oms.`sys_menu` (`id`, `parent_id`, `parent_ids`, `name`, `sort`, `href`, `target`, `icon`, `is_show`, `permission`, `create_by`, `create_date`, `update_by`, `update_date`, `remarks`, `del_flag`) VALUES ('bb444479a7ad4b98b51f65419c33028b', 'f8b61f347b0747e5ad706e6ae1994b92', '0,1,ebba8b7c400d46f78c220f702a17ba99,f8b61f347b0747e5ad706e6ae1994b92,', '患者详情', 30, '/PatientDetail/:code', '', '', '0', 'PatientDetail', '1', '2019-3-25 17:39:55', '1', '2019-3-25 19:26:16', '', '0');
INSERT INTO oms.`sys_menu` (`id`, `parent_id`, `parent_ids`, `name`, `sort`, `href`, `target`, `icon`, `is_show`, `permission`, `create_by`, `create_date`, `update_by`, `update_date`, `remarks`, `del_flag`) VALUES ('e41f3a9af451470a8a6d0d2ee7f587aa', '5eb9440356714539ae7ba534aa4688f7', '0,1,ebba8b7c400d46f78c220f702a17ba99,5eb9440356714539ae7ba534aa4688f7,', '客户资料', 30, '/RobCustomers/:code', '', '', '0', 'RobCustomers', '1', '2019-3-25 17:37:21', '1', '2019-3-25 19:27:42', '', '0');
INSERT INTO oms.`sys_menu` (`id`, `parent_id`, `parent_ids`, `name`, `sort`, `href`, `target`, `icon`, `is_show`, `permission`, `create_by`, `create_date`, `update_by`, `update_date`, `remarks`, `del_flag`) VALUES ('f5c0bc547a4447d1b396a4af11f2217c', '9dea0faafc8f45eaa4fcaeeb858dd6f7', '0,1,9dea0faafc8f45eaa4fcaeeb858dd6f7,', '服务审核', 30, '/hx/shop/order', '', '', '1', '', '1', '2019-3-12 18:57:54', '1', '2019-3-12 18:57:54', '', '0');
INSERT INTO oms.`sys_menu` (`id`, `parent_id`, `parent_ids`, `name`, `sort`, `href`, `target`, `icon`, `is_show`, `permission`, `create_by`, `create_date`, `update_by`, `update_date`, `remarks`, `del_flag`) VALUES ('9dea0faafc8f45eaa4fcaeeb858dd6f7', '1', '0,1,', '服务管理', 55, '', '', '', '1', '', '1', '2019-3-12 18:56:41', '1', '2019-3-12 18:56:41', '', '0');
INSERT INTO oms.`sys_menu` (`id`, `parent_id`, `parent_ids`, `name`, `sort`, `href`, `target`, `icon`, `is_show`, `permission`, `create_by`, `create_date`, `update_by`, `update_date`, `remarks`, `del_flag`) VALUES ('4a6eb58bd89a4aff833d338bace3e900', '9dea0faafc8f45eaa4fcaeeb858dd6f7', '0,1,9dea0faafc8f45eaa4fcaeeb858dd6f7,', '服务维护', 60, '/hx/serverInfo', '', '', '1', '', '1', '2019-3-12 19:00:51', '1', '2019-3-12 19:02:14', '', '0');
INSERT INTO oms.`sys_menu` (`id`, `parent_id`, `parent_ids`, `name`, `sort`, `href`, `target`, `icon`, `is_show`, `permission`, `create_by`, `create_date`, `update_by`, `update_date`, `remarks`, `del_flag`) VALUES ('8639eb58dfce46a4b584952a994eb75c', '4a6eb58bd89a4aff833d338bace3e900', '0,1,9dea0faafc8f45eaa4fcaeeb858dd6f7,4a6eb58bd89a4aff833d338bace3e900,', '编辑', 60, '', '', '', '0', 'hx:serverinfo:edit', '1', '2019-3-18 10:48:51', '1', '2019-3-18 10:49:09', '', '0');
INSERT INTO oms.`sys_menu` (`id`, `parent_id`, `parent_ids`, `name`, `sort`, `href`, `target`, `icon`, `is_show`, `permission`, `create_by`, `create_date`, `update_by`, `update_date`, `remarks`, `del_flag`) VALUES ('f8b61f347b0747e5ad706e6ae1994b92', 'ebba8b7c400d46f78c220f702a17ba99', '0,1,ebba8b7c400d46f78c220f702a17ba99,', '患者管理', 60, '/PatientManage', '', '', '1', 'Patient', '1', '2019-3-15 10:16:18', '1', '2019-3-25 17:31:34', '', '0');
INSERT INTO oms.`sys_menu` (`id`, `parent_id`, `parent_ids`, `name`, `sort`, `href`, `target`, `icon`, `is_show`, `permission`, `create_by`, `create_date`, `update_by`, `update_date`, `remarks`, `del_flag`) VALUES ('048f97a4ca68481487f66b5bc1ffe89f', 'ebba8b7c400d46f78c220f702a17ba99', '0,1,ebba8b7c400d46f78c220f702a17ba99,', '预约排班', 90, '', '', '', '1', 'ReservationAndSchedule', '1', '2019-3-15 10:16:45', '1', '2019-3-15 10:16:45', '', '0');
INSERT INTO oms.`sys_menu` (`id`, `parent_id`, `parent_ids`, `name`, `sort`, `href`, `target`, `icon`, `is_show`, `permission`, `create_by`, `create_date`, `update_by`, `update_date`, `remarks`, `del_flag`) VALUES ('d9bca77ee16f4a1b8d204a9698a5c2d1', 'ebba8b7c400d46f78c220f702a17ba99', '0,1,ebba8b7c400d46f78c220f702a17ba99,', 'IM', 120, '/im/list', '_blank', '', '1', 'ImList', '1', '2019-3-15 10:18:24', '1', '2019-3-27 11:36:05', '', '0');
INSERT INTO oms.`sys_menu` (`id`, `parent_id`, `parent_ids`, `name`, `sort`, `href`, `target`, `icon`, `is_show`, `permission`, `create_by`, `create_date`, `update_by`, `update_date`, `remarks`, `del_flag`) VALUES ('fa472df5b01e473ebfabde96de8ebad9', '048f97a4ca68481487f66b5bc1ffe89f', '0,1,ebba8b7c400d46f78c220f702a17ba99,048f97a4ca68481487f66b5bc1ffe89f,', '预约管理', 120, '/BookingManage', '', '', '1', 'Reservation', '1', '2019-3-15 10:17:14', '1', '2019-3-25 17:35:47', '', '0');
INSERT INTO oms.`sys_menu` (`id`, `parent_id`, `parent_ids`, `name`, `sort`, `href`, `target`, `icon`, `is_show`, `permission`, `create_by`, `create_date`, `update_by`, `update_date`, `remarks`, `del_flag`) VALUES ('5eb9440356714539ae7ba534aa4688f7', 'ebba8b7c400d46f78c220f702a17ba99', '0,1,ebba8b7c400d46f78c220f702a17ba99,', '抢客户', 150, '/RobCustomers', '', '', '1', 'Clue', '1', '2019-3-15 10:18:43', '1', '2019-3-25 17:28:21', '', '0');
INSERT INTO oms.`sys_menu` (`id`, `parent_id`, `parent_ids`, `name`, `sort`, `href`, `target`, `icon`, `is_show`, `permission`, `create_by`, `create_date`, `update_by`, `update_date`, `remarks`, `del_flag`) VALUES ('9776a245640a4b649381af8a4e372ec8', '048f97a4ca68481487f66b5bc1ffe89f', '0,1,ebba8b7c400d46f78c220f702a17ba99,048f97a4ca68481487f66b5bc1ffe89f,', '排班管理', 150, '', '', '', '1', 'Schedule', '1', '2019-3-15 10:17:36', '1', '2019-3-15 10:17:36', '', '0');
INSERT INTO oms.`sys_menu` (`id`, `parent_id`, `parent_ids`, `name`, `sort`, `href`, `target`, `icon`, `is_show`, `permission`, `create_by`, `create_date`, `update_by`, `update_date`, `remarks`, `del_flag`) VALUES ('cb8b4165c9ee4d67b485fedcd9c8da2e', 'ebba8b7c400d46f78c220f702a17ba99', '0,1,ebba8b7c400d46f78c220f702a17ba99,', '服务管理', 180, '/ServerManage', '', '', '1', 'ShopServer', '1', '2019-3-15 10:19:04', '1', '2019-3-25 17:29:50', '', '0');
INSERT INTO oms.`sys_menu` (`id`, `parent_id`, `parent_ids`, `name`, `sort`, `href`, `target`, `icon`, `is_show`, `permission`, `create_by`, `create_date`, `update_by`, `update_date`, `remarks`, `del_flag`) VALUES ('f1020b2211e64e02912c37d63196c238', '048f97a4ca68481487f66b5bc1ffe89f', '0,1,ebba8b7c400d46f78c220f702a17ba99,048f97a4ca68481487f66b5bc1ffe89f,', '班次设置', 180, '/SettingClass', '', '', '1', 'SettingClass', '1', '2019-3-25 17:33:31', '1', '2019-3-25 17:33:31', '', '0');
INSERT INTO oms.`sys_menu` (`id`, `parent_id`, `parent_ids`, `name`, `sort`, `href`, `target`, `icon`, `is_show`, `permission`, `create_by`, `create_date`, `update_by`, `update_date`, `remarks`, `del_flag`) VALUES ('0d3d394ae52b4741a9bad433503c662c', 'ebba8b7c400d46f78c220f702a17ba99', '0,1,ebba8b7c400d46f78c220f702a17ba99,', '订单管理', 210, '/OrderManage', '', '', '1', 'ShopOrder', '1', '2019-3-15 10:19:22', '1', '2019-3-25 17:30:11', '', '0');
INSERT INTO oms.`sys_menu` (`id`, `parent_id`, `parent_ids`, `name`, `sort`, `href`, `target`, `icon`, `is_show`, `permission`, `create_by`, `create_date`, `update_by`, `update_date`, `remarks`, `del_flag`) VALUES ('ebba8b7c400d46f78c220f702a17ba99', '1', '0,1,', '好乐美', 8090, '/hx/index', '_blank', '', '1', '', '1', '2019-3-6 17:00:11', '1', '2019-3-26 12:27:32', '', '0');
INSERT INTO oms.`sys_menu` (`id`, `parent_id`, `parent_ids`, `name`, `sort`, `href`, `target`, `icon`, `is_show`, `permission`, `create_by`, `create_date`, `update_by`, `update_date`, `remarks`, `del_flag`) VALUES ('0054a5611e964bee9ef8b8a0b008aa02', '775c014c3ca24cd9b7f0506e5837304a', '0,1,ebba8b7c400d46f78c220f702a17ba99,775c014c3ca24cd9b7f0506e5837304a,', '病历', 8120, '', '', '', '0', 'Medical', '1', '2019-3-15 10:42:08', '1', '2019-3-15 10:43:24', '', '0');
INSERT INTO oms.`sys_menu` (`id`, `parent_id`, `parent_ids`, `name`, `sort`, `href`, `target`, `icon`, `is_show`, `permission`, `create_by`, `create_date`, `update_by`, `update_date`, `remarks`, `del_flag`) VALUES ('477198f0940043ba8aaf6bb2bb2f3f10', 'ede5afc9872c40a49420a2eb82a1f673', '0,1,9dea0faafc8f45eaa4fcaeeb858dd6f7,ede5afc9872c40a49420a2eb82a1f673,', '编辑', 8120, '/hx/shop/server/save', '', '', '0', 'hx:shopserver:edit', '1', '2019-3-18 15:31:26', '1', '2019-3-18 15:31:26', '', '0');
INSERT INTO oms.`sys_menu` (`id`, `parent_id`, `parent_ids`, `name`, `sort`, `href`, `target`, `icon`, `is_show`, `permission`, `create_by`, `create_date`, `update_by`, `update_date`, `remarks`, `del_flag`) VALUES ('4b0aecf85b78476a9fa380fc6e3c81c5', '775c014c3ca24cd9b7f0506e5837304a', '0,1,ebba8b7c400d46f78c220f702a17ba99,775c014c3ca24cd9b7f0506e5837304a,', '治疗完成', 8120, '', '', '', '0', 'Finished', '1', '2019-3-15 10:42:47', '1', '2019-3-15 10:43:32', '', '0');
INSERT INTO oms.`sys_menu` (`id`, `parent_id`, `parent_ids`, `name`, `sort`, `href`, `target`, `icon`, `is_show`, `permission`, `create_by`, `create_date`, `update_by`, `update_date`, `remarks`, `del_flag`) VALUES ('51a9591d71ca4fad8307d21f16247bf7', '775c014c3ca24cd9b7f0506e5837304a', '0,1,ebba8b7c400d46f78c220f702a17ba99,775c014c3ca24cd9b7f0506e5837304a,', '转诊', 8120, '', '', '', '0', 'Referral', '1', '2019-3-15 10:41:52', '1', '2019-3-15 10:43:44', '', '0');
INSERT INTO oms.`sys_menu` (`id`, `parent_id`, `parent_ids`, `name`, `sort`, `href`, `target`, `icon`, `is_show`, `permission`, `create_by`, `create_date`, `update_by`, `update_date`, `remarks`, `del_flag`) VALUES ('63a52b7d8a5340cf9df31ec70d925cac', '775c014c3ca24cd9b7f0506e5837304a', '0,1,ebba8b7c400d46f78c220f702a17ba99,775c014c3ca24cd9b7f0506e5837304a,', '复诊预约', 8120, '', '', '', '0', 'PatientReservation', '1', '2019-3-15 10:42:27', '1', '2019-3-15 10:43:55', '', '0');
INSERT INTO oms.`sys_menu` (`id`, `parent_id`, `parent_ids`, `name`, `sort`, `href`, `target`, `icon`, `is_show`, `permission`, `create_by`, `create_date`, `update_by`, `update_date`, `remarks`, `del_flag`) VALUES ('976172bb998b46e68c16eb272295f0f1', '775c014c3ca24cd9b7f0506e5837304a', '0,1,ebba8b7c400d46f78c220f702a17ba99,775c014c3ca24cd9b7f0506e5837304a,', '咨询', 8120, '', '', '', '0', 'Advisory', '1', '2019-3-15 10:41:13', '1', '2019-3-15 10:44:03', '', '0');
INSERT INTO oms.`sys_menu` (`id`, `parent_id`, `parent_ids`, `name`, `sort`, `href`, `target`, `icon`, `is_show`, `permission`, `create_by`, `create_date`, `update_by`, `update_date`, `remarks`, `del_flag`) VALUES ('be617fea0f0f402cbbfb84edf179f3fd', '775c014c3ca24cd9b7f0506e5837304a', '0,1,ebba8b7c400d46f78c220f702a17ba99,775c014c3ca24cd9b7f0506e5837304a,', '医生接诊', 8120, '', '', '', '0', 'VsitingForDoctor', '1', '2019-3-15 10:40:48', '1', '2019-3-15 10:47:44', '', '0');
INSERT INTO oms.`sys_menu` (`id`, `parent_id`, `parent_ids`, `name`, `sort`, `href`, `target`, `icon`, `is_show`, `permission`, `create_by`, `create_date`, `update_by`, `update_date`, `remarks`, `del_flag`) VALUES ('ede5afc9872c40a49420a2eb82a1f673', '9dea0faafc8f45eaa4fcaeeb858dd6f7', '0,1,9dea0faafc8f45eaa4fcaeeb858dd6f7,', '开通服务', 8120, '/hx/shop/server', '', '', '1', '', '1', '2019-3-12 19:01:29', '1', '2019-3-12 19:01:29', '', '0');
INSERT INTO oms.`sys_menu` (`id`, `parent_id`, `parent_ids`, `name`, `sort`, `href`, `target`, `icon`, `is_show`, `permission`, `create_by`, `create_date`, `update_by`, `update_date`, `remarks`, `del_flag`) VALUES ('f57360a1cab948a3b8a68b5af689af1b', '775c014c3ca24cd9b7f0506e5837304a', '0,1,ebba8b7c400d46f78c220f702a17ba99,775c014c3ca24cd9b7f0506e5837304a,', '分诊', 8120, '', '', '', '0', 'Triage', '1', '2019-3-15 10:41:35', '1', '2019-3-15 10:44:14', '', '0');
INSERT INTO oms.`sys_menu` (`id`, `parent_id`, `parent_ids`, `name`, `sort`, `href`, `target`, `icon`, `is_show`, `permission`, `create_by`, `create_date`, `update_by`, `update_date`, `remarks`, `del_flag`) VALUES ('626402ccfb7f4b41846ce2375a67c461', '775c014c3ca24cd9b7f0506e5837304a', '0,1,ebba8b7c400d46f78c220f702a17ba99,775c014c3ca24cd9b7f0506e5837304a,', '咨询师接诊', 8150, '', '', '', '0', 'VisitingForAdvisory', '1', '2019-4-2 16:34:26', '1', '2019-4-2 16:34:56', '', '0');

# 门诊的角色模板
INSERT INTO oms.`sys_role` (`id`, `office_id`, `name`, `enname`, `role_type`, `data_scope`, `is_sys`, `useable`, `create_by`, `create_date`, `update_by`, `update_date`, `remarks`, `del_flag`) VALUES ('17736ea1cd674c05b717a390d6eb9a60', '1', '门诊管理员-模板', 'SYS_MERCHANT_MANAGER', NULL, '8', '1', '1', '1', '2019-3-26 15:56:03', '1', '2019-3-26 18:57:22', '', '0');
INSERT INTO oms.`sys_role` (`id`, `office_id`, `name`, `enname`, `role_type`, `data_scope`, `is_sys`, `useable`, `create_by`, `create_date`, `update_by`, `update_date`, `remarks`, `del_flag`) VALUES ('9f752dae4a8a4699a618e8350f2aa52c', '1', '门诊咨询师-模板', 'SYS_SHOP_ADVISORY', NULL, '8', '1', '1', '1', '2019-3-26 15:57:59', '1', '2019-3-26 16:07:10', '', '0');
INSERT INTO oms.`sys_role` (`id`, `office_id`, `name`, `enname`, `role_type`, `data_scope`, `is_sys`, `useable`, `create_by`, `create_date`, `update_by`, `update_date`, `remarks`, `del_flag`) VALUES ('ca997cf82de94d2a840e9c7b1e7892d9', '1', '门诊医生-模板', 'SYS_SHOP_DOCTOR', NULL, '8', '1', '1', '1', '2019-3-26 15:57:35', '1', '2019-3-26 16:06:42', '', '0');
INSERT INTO oms.`sys_role` (`id`, `office_id`, `name`, `enname`, `role_type`, `data_scope`, `is_sys`, `useable`, `create_by`, `create_date`, `update_by`, `update_date`, `remarks`, `del_flag`) VALUES ('f0a645a4a2884af49c3d60be308a9a4b', '1', '门诊护士-模板', 'SYS_SHOP_NURSE', NULL, '8', '1', '1', '1', '2019-3-26 15:58:24', '1', '2019-3-26 18:55:56', '', '0');

# 门诊的模板角色权限
INSERT INTO oms.`sys_role_menu` (`role_id`, `menu_id`) VALUES ('17736ea1cd674c05b717a390d6eb9a60', '0054a5611e964bee9ef8b8a0b008aa02');
INSERT INTO oms.`sys_role_menu` (`role_id`, `menu_id`) VALUES ('17736ea1cd674c05b717a390d6eb9a60', '048f97a4ca68481487f66b5bc1ffe89f');
INSERT INTO oms.`sys_role_menu` (`role_id`, `menu_id`) VALUES ('17736ea1cd674c05b717a390d6eb9a60', '08efe51310874c438c142bf2359fea14');
INSERT INTO oms.`sys_role_menu` (`role_id`, `menu_id`) VALUES ('17736ea1cd674c05b717a390d6eb9a60', '0b58e337f1c54c189207556c6c390589');
INSERT INTO oms.`sys_role_menu` (`role_id`, `menu_id`) VALUES ('17736ea1cd674c05b717a390d6eb9a60', '0d3d394ae52b4741a9bad433503c662c');
INSERT INTO oms.`sys_role_menu` (`role_id`, `menu_id`) VALUES ('17736ea1cd674c05b717a390d6eb9a60', '0e89d8147b294d8db800f44fc08abc51');
INSERT INTO oms.`sys_role_menu` (`role_id`, `menu_id`) VALUES ('17736ea1cd674c05b717a390d6eb9a60', '1');
INSERT INTO oms.`sys_role_menu` (`role_id`, `menu_id`) VALUES ('17736ea1cd674c05b717a390d6eb9a60', '107bc93f4b8a4d3f8b27c04030b22b0e');
INSERT INTO oms.`sys_role_menu` (`role_id`, `menu_id`) VALUES ('17736ea1cd674c05b717a390d6eb9a60', '12d66121b75f49d5a98f64e162a317e4');
INSERT INTO oms.`sys_role_menu` (`role_id`, `menu_id`) VALUES ('17736ea1cd674c05b717a390d6eb9a60', '13');
INSERT INTO oms.`sys_role_menu` (`role_id`, `menu_id`) VALUES ('17736ea1cd674c05b717a390d6eb9a60', '14c3f86234c640eeb43fd75c1eee41bc');
INSERT INTO oms.`sys_role_menu` (`role_id`, `menu_id`) VALUES ('17736ea1cd674c05b717a390d6eb9a60', '17');
INSERT INTO oms.`sys_role_menu` (`role_id`, `menu_id`) VALUES ('17736ea1cd674c05b717a390d6eb9a60', '18');
INSERT INTO oms.`sys_role_menu` (`role_id`, `menu_id`) VALUES ('17736ea1cd674c05b717a390d6eb9a60', '19');
INSERT INTO oms.`sys_role_menu` (`role_id`, `menu_id`) VALUES ('17736ea1cd674c05b717a390d6eb9a60', '2');
INSERT INTO oms.`sys_role_menu` (`role_id`, `menu_id`) VALUES ('17736ea1cd674c05b717a390d6eb9a60', '20');
INSERT INTO oms.`sys_role_menu` (`role_id`, `menu_id`) VALUES ('17736ea1cd674c05b717a390d6eb9a60', '21');
INSERT INTO oms.`sys_role_menu` (`role_id`, `menu_id`) VALUES ('17736ea1cd674c05b717a390d6eb9a60', '22');
INSERT INTO oms.`sys_role_menu` (`role_id`, `menu_id`) VALUES ('17736ea1cd674c05b717a390d6eb9a60', '24344196f58b44619ec350b7327b8b5a');
INSERT INTO oms.`sys_role_menu` (`role_id`, `menu_id`) VALUES ('17736ea1cd674c05b717a390d6eb9a60', '250e7996a5bb4e649dd7a5d8f8eff508');
INSERT INTO oms.`sys_role_menu` (`role_id`, `menu_id`) VALUES ('17736ea1cd674c05b717a390d6eb9a60', '25258dfdc71c4c6094d77c2e62626d33');
INSERT INTO oms.`sys_role_menu` (`role_id`, `menu_id`) VALUES ('17736ea1cd674c05b717a390d6eb9a60', '26d68fa6e54d48a991bd7be4d3364dbb');
INSERT INTO oms.`sys_role_menu` (`role_id`, `menu_id`) VALUES ('17736ea1cd674c05b717a390d6eb9a60', '27');
INSERT INTO oms.`sys_role_menu` (`role_id`, `menu_id`) VALUES ('17736ea1cd674c05b717a390d6eb9a60', '28');
INSERT INTO oms.`sys_role_menu` (`role_id`, `menu_id`) VALUES ('17736ea1cd674c05b717a390d6eb9a60', '285800428fe140358c97f2ec4b4303e3');
INSERT INTO oms.`sys_role_menu` (`role_id`, `menu_id`) VALUES ('17736ea1cd674c05b717a390d6eb9a60', '29');
INSERT INTO oms.`sys_role_menu` (`role_id`, `menu_id`) VALUES ('17736ea1cd674c05b717a390d6eb9a60', '2be52c8dd2ba4b18b80ae7d3745c0b1b');
INSERT INTO oms.`sys_role_menu` (`role_id`, `menu_id`) VALUES ('17736ea1cd674c05b717a390d6eb9a60', '2eb6b54a06784991bf8c101b5b4ad77d');
INSERT INTO oms.`sys_role_menu` (`role_id`, `menu_id`) VALUES ('17736ea1cd674c05b717a390d6eb9a60', '2eb7920c83d44aeca8b0f6bd24c6a919');
INSERT INTO oms.`sys_role_menu` (`role_id`, `menu_id`) VALUES ('17736ea1cd674c05b717a390d6eb9a60', '3');
INSERT INTO oms.`sys_role_menu` (`role_id`, `menu_id`) VALUES ('17736ea1cd674c05b717a390d6eb9a60', '30');
INSERT INTO oms.`sys_role_menu` (`role_id`, `menu_id`) VALUES ('17736ea1cd674c05b717a390d6eb9a60', '31164aa4ebb844fe9de1d49106ed6bad');
INSERT INTO oms.`sys_role_menu` (`role_id`, `menu_id`) VALUES ('17736ea1cd674c05b717a390d6eb9a60', '31658b86d7d34470affa696be1f19dae');
INSERT INTO oms.`sys_role_menu` (`role_id`, `menu_id`) VALUES ('17736ea1cd674c05b717a390d6eb9a60', '3344b9ee5400472b935b31225d2bdde7');
INSERT INTO oms.`sys_role_menu` (`role_id`, `menu_id`) VALUES ('17736ea1cd674c05b717a390d6eb9a60', '33820c6a48724c18ad346de3b82fcd7d');
INSERT INTO oms.`sys_role_menu` (`role_id`, `menu_id`) VALUES ('17736ea1cd674c05b717a390d6eb9a60', '35440532af3f4fed9c311abc994fde4d');
INSERT INTO oms.`sys_role_menu` (`role_id`, `menu_id`) VALUES ('17736ea1cd674c05b717a390d6eb9a60', '355833da7f564f8186e0dc6d9f67fba7');
INSERT INTO oms.`sys_role_menu` (`role_id`, `menu_id`) VALUES ('17736ea1cd674c05b717a390d6eb9a60', '3a7c718dc1bd4322907dd4a529818b94');

INSERT INTO oms.`sys_role_menu` (`role_id`, `menu_id`) VALUES ('17736ea1cd674c05b717a390d6eb9a60', '408d298e266649ce860912de079c09bd');
INSERT INTO oms.`sys_role_menu` (`role_id`, `menu_id`) VALUES ('17736ea1cd674c05b717a390d6eb9a60', '412628d93fd14e198421edb6eb9f6076');
INSERT INTO oms.`sys_role_menu` (`role_id`, `menu_id`) VALUES ('17736ea1cd674c05b717a390d6eb9a60', '416e199435114337ba80d18c2df7d04c');
INSERT INTO oms.`sys_role_menu` (`role_id`, `menu_id`) VALUES ('17736ea1cd674c05b717a390d6eb9a60', '419aee839f634da6844f1f68d22c4fe9');
INSERT INTO oms.`sys_role_menu` (`role_id`, `menu_id`) VALUES ('17736ea1cd674c05b717a390d6eb9a60', '4595ce2792ed4c1e8e6510b7b00f15ca');
INSERT INTO oms.`sys_role_menu` (`role_id`, `menu_id`) VALUES ('17736ea1cd674c05b717a390d6eb9a60', '46c505707ee84e0db00f77c39c2a9e2d');
INSERT INTO oms.`sys_role_menu` (`role_id`, `menu_id`) VALUES ('17736ea1cd674c05b717a390d6eb9a60', '47272b633b9d4f32b4f2d7b85b6c2839');
INSERT INTO oms.`sys_role_menu` (`role_id`, `menu_id`) VALUES ('17736ea1cd674c05b717a390d6eb9a60', '473973691cba46909cadec0dd97b102c');
INSERT INTO oms.`sys_role_menu` (`role_id`, `menu_id`) VALUES ('17736ea1cd674c05b717a390d6eb9a60', '4a4425b66a094a23b4662af694c61d96');
INSERT INTO oms.`sys_role_menu` (`role_id`, `menu_id`) VALUES ('17736ea1cd674c05b717a390d6eb9a60', '4b0aecf85b78476a9fa380fc6e3c81c5');
INSERT INTO oms.`sys_role_menu` (`role_id`, `menu_id`) VALUES ('17736ea1cd674c05b717a390d6eb9a60', '4d2ddfc16d65485cbd5a21093de00b99');
INSERT INTO oms.`sys_role_menu` (`role_id`, `menu_id`) VALUES ('17736ea1cd674c05b717a390d6eb9a60', '4e1847ba44704838a57ac23e4f9ab68a');
INSERT INTO oms.`sys_role_menu` (`role_id`, `menu_id`) VALUES ('17736ea1cd674c05b717a390d6eb9a60', '4f44560ad69742b1a1edc31d2f1f3da7');

INSERT INTO oms.`sys_role_menu` (`role_id`, `menu_id`) VALUES ('17736ea1cd674c05b717a390d6eb9a60', '51a9591d71ca4fad8307d21f16247bf7');
INSERT INTO oms.`sys_role_menu` (`role_id`, `menu_id`) VALUES ('17736ea1cd674c05b717a390d6eb9a60', '523424d2d37143ecb243de050a287367');
INSERT INTO oms.`sys_role_menu` (`role_id`, `menu_id`) VALUES ('17736ea1cd674c05b717a390d6eb9a60', '5eb9440356714539ae7ba534aa4688f7');

INSERT INTO oms.`sys_role_menu` (`role_id`, `menu_id`) VALUES ('17736ea1cd674c05b717a390d6eb9a60', '6034db38acdb49829a197c887e5457f9');
INSERT INTO oms.`sys_role_menu` (`role_id`, `menu_id`) VALUES ('17736ea1cd674c05b717a390d6eb9a60', '61f0262fc382482d9b1a231e9b133c8a');
INSERT INTO oms.`sys_role_menu` (`role_id`, `menu_id`) VALUES ('17736ea1cd674c05b717a390d6eb9a60', '63a52b7d8a5340cf9df31ec70d925cac');
INSERT INTO oms.`sys_role_menu` (`role_id`, `menu_id`) VALUES ('17736ea1cd674c05b717a390d6eb9a60', '6aa1b7e61d604f3d8afad48260528ba9');
INSERT INTO oms.`sys_role_menu` (`role_id`, `menu_id`) VALUES ('17736ea1cd674c05b717a390d6eb9a60', '6b049c84f9584aee95703a230202dad6');
INSERT INTO oms.`sys_role_menu` (`role_id`, `menu_id`) VALUES ('17736ea1cd674c05b717a390d6eb9a60', '6c373cb64d0c4854a3c286f3539d8e61');
INSERT INTO oms.`sys_role_menu` (`role_id`, `menu_id`) VALUES ('17736ea1cd674c05b717a390d6eb9a60', '7');
INSERT INTO oms.`sys_role_menu` (`role_id`, `menu_id`) VALUES ('17736ea1cd674c05b717a390d6eb9a60', '71f0f919e38a4da19166f1462bd8b5c7');
INSERT INTO oms.`sys_role_menu` (`role_id`, `menu_id`) VALUES ('17736ea1cd674c05b717a390d6eb9a60', '775c014c3ca24cd9b7f0506e5837304a');
INSERT INTO oms.`sys_role_menu` (`role_id`, `menu_id`) VALUES ('17736ea1cd674c05b717a390d6eb9a60', '7833406ce5c944959a3d1cceea394df3');
INSERT INTO oms.`sys_role_menu` (`role_id`, `menu_id`) VALUES ('17736ea1cd674c05b717a390d6eb9a60', '798de69f7dd5422499604b6739c56106');
INSERT INTO oms.`sys_role_menu` (`role_id`, `menu_id`) VALUES ('17736ea1cd674c05b717a390d6eb9a60', '7ae1a8f901f54cdc819b8d07e4f6d83b');
INSERT INTO oms.`sys_role_menu` (`role_id`, `menu_id`) VALUES ('17736ea1cd674c05b717a390d6eb9a60', '7ddbf568e78a492c8a42be6e3160faf2');
INSERT INTO oms.`sys_role_menu` (`role_id`, `menu_id`) VALUES ('17736ea1cd674c05b717a390d6eb9a60', '7e26162edee14fb8a63df7fa3a78fb27');
INSERT INTO oms.`sys_role_menu` (`role_id`, `menu_id`) VALUES ('17736ea1cd674c05b717a390d6eb9a60', '8');
INSERT INTO oms.`sys_role_menu` (`role_id`, `menu_id`) VALUES ('17736ea1cd674c05b717a390d6eb9a60', '88664ca2da804371acd3a193e57df2a7');
INSERT INTO oms.`sys_role_menu` (`role_id`, `menu_id`) VALUES ('17736ea1cd674c05b717a390d6eb9a60', '8c581a16c09d42c19002250b0944c2c2');
INSERT INTO oms.`sys_role_menu` (`role_id`, `menu_id`) VALUES ('17736ea1cd674c05b717a390d6eb9a60', '8e5527c792c84f1dab71045635837e9e');
INSERT INTO oms.`sys_role_menu` (`role_id`, `menu_id`) VALUES ('17736ea1cd674c05b717a390d6eb9a60', '8f2aab4bf34248a99370457bdcd0c18f');
INSERT INTO oms.`sys_role_menu` (`role_id`, `menu_id`) VALUES ('17736ea1cd674c05b717a390d6eb9a60', '8fb2baa01f5e4e09b1736e7cb6ba9dad');
INSERT INTO oms.`sys_role_menu` (`role_id`, `menu_id`) VALUES ('17736ea1cd674c05b717a390d6eb9a60', '9');
INSERT INTO oms.`sys_role_menu` (`role_id`, `menu_id`) VALUES ('17736ea1cd674c05b717a390d6eb9a60', '93ed09eafd54436aa61ac0c01ff65eeb');
INSERT INTO oms.`sys_role_menu` (`role_id`, `menu_id`) VALUES ('17736ea1cd674c05b717a390d6eb9a60', '9406b8735a32467aa2a3d401dbfa3ddb');
INSERT INTO oms.`sys_role_menu` (`role_id`, `menu_id`) VALUES ('17736ea1cd674c05b717a390d6eb9a60', '968c6574af6945e1bc7e680c580786fb');
INSERT INTO oms.`sys_role_menu` (`role_id`, `menu_id`) VALUES ('17736ea1cd674c05b717a390d6eb9a60', '976172bb998b46e68c16eb272295f0f1');
INSERT INTO oms.`sys_role_menu` (`role_id`, `menu_id`) VALUES ('17736ea1cd674c05b717a390d6eb9a60', '9776a245640a4b649381af8a4e372ec8');
INSERT INTO oms.`sys_role_menu` (`role_id`, `menu_id`) VALUES ('17736ea1cd674c05b717a390d6eb9a60', '9a0a87966d6f40459498b666255a773a');
INSERT INTO oms.`sys_role_menu` (`role_id`, `menu_id`) VALUES ('17736ea1cd674c05b717a390d6eb9a60', '9b57c1b95fcb41d992063d2c7d392854');
INSERT INTO oms.`sys_role_menu` (`role_id`, `menu_id`) VALUES ('17736ea1cd674c05b717a390d6eb9a60', '9bff597918814e9e9e517adaff15b92f');
INSERT INTO oms.`sys_role_menu` (`role_id`, `menu_id`) VALUES ('17736ea1cd674c05b717a390d6eb9a60', '9ee2cdbfc29c4189a9256479f509da55');
INSERT INTO oms.`sys_role_menu` (`role_id`, `menu_id`) VALUES ('17736ea1cd674c05b717a390d6eb9a60', '9f8a95dbe9d24efcb0cd30f3711b2250');
INSERT INTO oms.`sys_role_menu` (`role_id`, `menu_id`) VALUES ('17736ea1cd674c05b717a390d6eb9a60', 'a66d2882573244a7b67f6a5bfe132fa3');
INSERT INTO oms.`sys_role_menu` (`role_id`, `menu_id`) VALUES ('17736ea1cd674c05b717a390d6eb9a60', 'a87036b8ea9b4a548c390127f09da73d');
INSERT INTO oms.`sys_role_menu` (`role_id`, `menu_id`) VALUES ('17736ea1cd674c05b717a390d6eb9a60', 'b13e2362d9884f18b8efd2cee0d8c219');
INSERT INTO oms.`sys_role_menu` (`role_id`, `menu_id`) VALUES ('17736ea1cd674c05b717a390d6eb9a60', 'b289b259e6e945f5abdd568a992147d7');
INSERT INTO oms.`sys_role_menu` (`role_id`, `menu_id`) VALUES ('17736ea1cd674c05b717a390d6eb9a60', 'b2aa204307cf44ebae8e9f0eb91e3e68');
INSERT INTO oms.`sys_role_menu` (`role_id`, `menu_id`) VALUES ('17736ea1cd674c05b717a390d6eb9a60', 'b2c3da6d46714403b4ad7246af686965');
INSERT INTO oms.`sys_role_menu` (`role_id`, `menu_id`) VALUES ('17736ea1cd674c05b717a390d6eb9a60', 'b2d63cdffa4e4d74b6e1e5def6137b59');
INSERT INTO oms.`sys_role_menu` (`role_id`, `menu_id`) VALUES ('17736ea1cd674c05b717a390d6eb9a60', 'b39f904bc5ff4eccbac61119b89ea5d6');
INSERT INTO oms.`sys_role_menu` (`role_id`, `menu_id`) VALUES ('17736ea1cd674c05b717a390d6eb9a60', 'b3ba0a8bb0e749fabc03c75f94c21ed0');
INSERT INTO oms.`sys_role_menu` (`role_id`, `menu_id`) VALUES ('17736ea1cd674c05b717a390d6eb9a60', 'b782e3a1c16749c281084a3c661d6816');
INSERT INTO oms.`sys_role_menu` (`role_id`, `menu_id`) VALUES ('17736ea1cd674c05b717a390d6eb9a60', 'b8cdca41930c49ab98275d17bb587db4');
INSERT INTO oms.`sys_role_menu` (`role_id`, `menu_id`) VALUES ('17736ea1cd674c05b717a390d6eb9a60', 'bb444479a7ad4b98b51f65419c33028b');
INSERT INTO oms.`sys_role_menu` (`role_id`, `menu_id`) VALUES ('17736ea1cd674c05b717a390d6eb9a60', 'bc9adabc9f854cb1a743b127d1caf2d3');
INSERT INTO oms.`sys_role_menu` (`role_id`, `menu_id`) VALUES ('17736ea1cd674c05b717a390d6eb9a60', 'be617fea0f0f402cbbfb84edf179f3fd');
INSERT INTO oms.`sys_role_menu` (`role_id`, `menu_id`) VALUES ('17736ea1cd674c05b717a390d6eb9a60', 'c075cd2c6d254adc9a807710b3fd9688');
INSERT INTO oms.`sys_role_menu` (`role_id`, `menu_id`) VALUES ('17736ea1cd674c05b717a390d6eb9a60', 'c3e394b0d3a446b3a877855d96c936b1');
INSERT INTO oms.`sys_role_menu` (`role_id`, `menu_id`) VALUES ('17736ea1cd674c05b717a390d6eb9a60', 'c4cc6669ed38465bb90800a34f31d4de');
INSERT INTO oms.`sys_role_menu` (`role_id`, `menu_id`) VALUES ('17736ea1cd674c05b717a390d6eb9a60', 'c6d88c32bfa84768bc2e871c3631c7b3');
INSERT INTO oms.`sys_role_menu` (`role_id`, `menu_id`) VALUES ('17736ea1cd674c05b717a390d6eb9a60', 'c796995e4a774a3cbe8ea2c9df61bf09');
INSERT INTO oms.`sys_role_menu` (`role_id`, `menu_id`) VALUES ('17736ea1cd674c05b717a390d6eb9a60', 'c89d8700f36b456a9b1d02ad38417172');
INSERT INTO oms.`sys_role_menu` (`role_id`, `menu_id`) VALUES ('17736ea1cd674c05b717a390d6eb9a60', 'cb8b4165c9ee4d67b485fedcd9c8da2e');
INSERT INTO oms.`sys_role_menu` (`role_id`, `menu_id`) VALUES ('17736ea1cd674c05b717a390d6eb9a60', 'cbaa03bf1beb4ec7b857b0bb8d6a0475');
INSERT INTO oms.`sys_role_menu` (`role_id`, `menu_id`) VALUES ('17736ea1cd674c05b717a390d6eb9a60', 'cd3a5148dbc8432e9b5c957db86b6fe1');
INSERT INTO oms.`sys_role_menu` (`role_id`, `menu_id`) VALUES ('17736ea1cd674c05b717a390d6eb9a60', 'ce54b475dbf446ffb688a0b24866bf40');
INSERT INTO oms.`sys_role_menu` (`role_id`, `menu_id`) VALUES ('17736ea1cd674c05b717a390d6eb9a60', 'ceab99534dae469bbd96edb86dc18e31');
INSERT INTO oms.`sys_role_menu` (`role_id`, `menu_id`) VALUES ('17736ea1cd674c05b717a390d6eb9a60', 'd452be7b05df4c3b9aad3e5c542582be');
INSERT INTO oms.`sys_role_menu` (`role_id`, `menu_id`) VALUES ('17736ea1cd674c05b717a390d6eb9a60', 'd601b2fbe0634a5095b722d7a7665a5d');
INSERT INTO oms.`sys_role_menu` (`role_id`, `menu_id`) VALUES ('17736ea1cd674c05b717a390d6eb9a60', 'd8bed91f6c984bf4be96893d735f6739');
INSERT INTO oms.`sys_role_menu` (`role_id`, `menu_id`) VALUES ('17736ea1cd674c05b717a390d6eb9a60', 'd9bca77ee16f4a1b8d204a9698a5c2d1');
INSERT INTO oms.`sys_role_menu` (`role_id`, `menu_id`) VALUES ('17736ea1cd674c05b717a390d6eb9a60', 'dbd462a118e24beabc6df0ce33a9215c');
INSERT INTO oms.`sys_role_menu` (`role_id`, `menu_id`) VALUES ('17736ea1cd674c05b717a390d6eb9a60', 'dd1eaec0b94e468a8abb10ce17bba381');
INSERT INTO oms.`sys_role_menu` (`role_id`, `menu_id`) VALUES ('17736ea1cd674c05b717a390d6eb9a60', 'de7c3df648594810958e91a25e6648a5');
INSERT INTO oms.`sys_role_menu` (`role_id`, `menu_id`) VALUES ('17736ea1cd674c05b717a390d6eb9a60', 'df7333dc8b674606b246942fcf9abc9b');
INSERT INTO oms.`sys_role_menu` (`role_id`, `menu_id`) VALUES ('17736ea1cd674c05b717a390d6eb9a60', 'e224fb63d31b461abcc2d7f1f42aaa33');
INSERT INTO oms.`sys_role_menu` (`role_id`, `menu_id`) VALUES ('17736ea1cd674c05b717a390d6eb9a60', 'e41f3a9af451470a8a6d0d2ee7f587aa');
INSERT INTO oms.`sys_role_menu` (`role_id`, `menu_id`) VALUES ('17736ea1cd674c05b717a390d6eb9a60', 'e4ae7355f68c4f318179ce5d38e56019');
INSERT INTO oms.`sys_role_menu` (`role_id`, `menu_id`) VALUES ('17736ea1cd674c05b717a390d6eb9a60', 'e4da864960c246bab8e16b33b306300f');
INSERT INTO oms.`sys_role_menu` (`role_id`, `menu_id`) VALUES ('17736ea1cd674c05b717a390d6eb9a60', 'e5c261282aef4337b81176e0c409455a');
INSERT INTO oms.`sys_role_menu` (`role_id`, `menu_id`) VALUES ('17736ea1cd674c05b717a390d6eb9a60', 'e709472e5ad44968a029e8eeebf92fc1');
INSERT INTO oms.`sys_role_menu` (`role_id`, `menu_id`) VALUES ('17736ea1cd674c05b717a390d6eb9a60', 'e83dff3950764e93bcedbd9f5ce89fe0');
INSERT INTO oms.`sys_role_menu` (`role_id`, `menu_id`) VALUES ('17736ea1cd674c05b717a390d6eb9a60', 'ebba8b7c400d46f78c220f702a17ba99');
INSERT INTO oms.`sys_role_menu` (`role_id`, `menu_id`) VALUES ('17736ea1cd674c05b717a390d6eb9a60', 'ec612213e9684d21ad65f3bed75e9ed7');
INSERT INTO oms.`sys_role_menu` (`role_id`, `menu_id`) VALUES ('17736ea1cd674c05b717a390d6eb9a60', 'f1020b2211e64e02912c37d63196c238');
INSERT INTO oms.`sys_role_menu` (`role_id`, `menu_id`) VALUES ('17736ea1cd674c05b717a390d6eb9a60', 'f57360a1cab948a3b8a68b5af689af1b');
INSERT INTO oms.`sys_role_menu` (`role_id`, `menu_id`) VALUES ('17736ea1cd674c05b717a390d6eb9a60', 'f8b61f347b0747e5ad706e6ae1994b92');
INSERT INTO oms.`sys_role_menu` (`role_id`, `menu_id`) VALUES ('17736ea1cd674c05b717a390d6eb9a60', 'fa472df5b01e473ebfabde96de8ebad9');
INSERT INTO oms.`sys_role_menu` (`role_id`, `menu_id`) VALUES ('17736ea1cd674c05b717a390d6eb9a60', 'fc51f9f3579a4e3a948e760beaa1ec30');
INSERT INTO oms.`sys_role_menu` (`role_id`, `menu_id`) VALUES ('17736ea1cd674c05b717a390d6eb9a60', '626402ccfb7f4b41846ce2375a67c461');

INSERT INTO oms.`sys_role_menu` (`role_id`, `menu_id`) VALUES ('9f752dae4a8a4699a618e8350f2aa52c', '048f97a4ca68481487f66b5bc1ffe89f');
INSERT INTO oms.`sys_role_menu` (`role_id`, `menu_id`) VALUES ('9f752dae4a8a4699a618e8350f2aa52c', '08efe51310874c438c142bf2359fea14');
INSERT INTO oms.`sys_role_menu` (`role_id`, `menu_id`) VALUES ('9f752dae4a8a4699a618e8350f2aa52c', '0b58e337f1c54c189207556c6c390589');
INSERT INTO oms.`sys_role_menu` (`role_id`, `menu_id`) VALUES ('9f752dae4a8a4699a618e8350f2aa52c', '0d3d394ae52b4741a9bad433503c662c');
INSERT INTO oms.`sys_role_menu` (`role_id`, `menu_id`) VALUES ('9f752dae4a8a4699a618e8350f2aa52c', '1');
INSERT INTO oms.`sys_role_menu` (`role_id`, `menu_id`) VALUES ('9f752dae4a8a4699a618e8350f2aa52c', '12d66121b75f49d5a98f64e162a317e4');
INSERT INTO oms.`sys_role_menu` (`role_id`, `menu_id`) VALUES ('9f752dae4a8a4699a618e8350f2aa52c', '14c3f86234c640eeb43fd75c1eee41bc');
INSERT INTO oms.`sys_role_menu` (`role_id`, `menu_id`) VALUES ('9f752dae4a8a4699a618e8350f2aa52c', '250e7996a5bb4e649dd7a5d8f8eff508');
INSERT INTO oms.`sys_role_menu` (`role_id`, `menu_id`) VALUES ('9f752dae4a8a4699a618e8350f2aa52c', '26d68fa6e54d48a991bd7be4d3364dbb');
INSERT INTO oms.`sys_role_menu` (`role_id`, `menu_id`) VALUES ('9f752dae4a8a4699a618e8350f2aa52c', '285800428fe140358c97f2ec4b4303e3');
INSERT INTO oms.`sys_role_menu` (`role_id`, `menu_id`) VALUES ('9f752dae4a8a4699a618e8350f2aa52c', '2be52c8dd2ba4b18b80ae7d3745c0b1b');
INSERT INTO oms.`sys_role_menu` (`role_id`, `menu_id`) VALUES ('9f752dae4a8a4699a618e8350f2aa52c', '408d298e266649ce860912de079c09bd');
INSERT INTO oms.`sys_role_menu` (`role_id`, `menu_id`) VALUES ('9f752dae4a8a4699a618e8350f2aa52c', '412628d93fd14e198421edb6eb9f6076');
INSERT INTO oms.`sys_role_menu` (`role_id`, `menu_id`) VALUES ('9f752dae4a8a4699a618e8350f2aa52c', '419aee839f634da6844f1f68d22c4fe9');
INSERT INTO oms.`sys_role_menu` (`role_id`, `menu_id`) VALUES ('9f752dae4a8a4699a618e8350f2aa52c', '4b0aecf85b78476a9fa380fc6e3c81c5');
INSERT INTO oms.`sys_role_menu` (`role_id`, `menu_id`) VALUES ('9f752dae4a8a4699a618e8350f2aa52c', '4e1847ba44704838a57ac23e4f9ab68a');
INSERT INTO oms.`sys_role_menu` (`role_id`, `menu_id`) VALUES ('9f752dae4a8a4699a618e8350f2aa52c', '5eb9440356714539ae7ba534aa4688f7');
INSERT INTO oms.`sys_role_menu` (`role_id`, `menu_id`) VALUES ('9f752dae4a8a4699a618e8350f2aa52c', '61f0262fc382482d9b1a231e9b133c8a');
INSERT INTO oms.`sys_role_menu` (`role_id`, `menu_id`) VALUES ('9f752dae4a8a4699a618e8350f2aa52c', '63a52b7d8a5340cf9df31ec70d925cac');
INSERT INTO oms.`sys_role_menu` (`role_id`, `menu_id`) VALUES ('9f752dae4a8a4699a618e8350f2aa52c', '6b049c84f9584aee95703a230202dad6');
INSERT INTO oms.`sys_role_menu` (`role_id`, `menu_id`) VALUES ('9f752dae4a8a4699a618e8350f2aa52c', '775c014c3ca24cd9b7f0506e5837304a');
INSERT INTO oms.`sys_role_menu` (`role_id`, `menu_id`) VALUES ('9f752dae4a8a4699a618e8350f2aa52c', '7ae1a8f901f54cdc819b8d07e4f6d83b');
INSERT INTO oms.`sys_role_menu` (`role_id`, `menu_id`) VALUES ('9f752dae4a8a4699a618e8350f2aa52c', '7ddbf568e78a492c8a42be6e3160faf2');
INSERT INTO oms.`sys_role_menu` (`role_id`, `menu_id`) VALUES ('9f752dae4a8a4699a618e8350f2aa52c', '88664ca2da804371acd3a193e57df2a7');
INSERT INTO oms.`sys_role_menu` (`role_id`, `menu_id`) VALUES ('9f752dae4a8a4699a618e8350f2aa52c', '8e5527c792c84f1dab71045635837e9e');
INSERT INTO oms.`sys_role_menu` (`role_id`, `menu_id`) VALUES ('9f752dae4a8a4699a618e8350f2aa52c', '91f75118c3e8479e81c5a5f369aa02ac');
INSERT INTO oms.`sys_role_menu` (`role_id`, `menu_id`) VALUES ('9f752dae4a8a4699a618e8350f2aa52c', '93ed09eafd54436aa61ac0c01ff65eeb');
INSERT INTO oms.`sys_role_menu` (`role_id`, `menu_id`) VALUES ('9f752dae4a8a4699a618e8350f2aa52c', '976172bb998b46e68c16eb272295f0f1');
INSERT INTO oms.`sys_role_menu` (`role_id`, `menu_id`) VALUES ('9f752dae4a8a4699a618e8350f2aa52c', '9bff597918814e9e9e517adaff15b92f');
INSERT INTO oms.`sys_role_menu` (`role_id`, `menu_id`) VALUES ('9f752dae4a8a4699a618e8350f2aa52c', '9f8a95dbe9d24efcb0cd30f3711b2250');
INSERT INTO oms.`sys_role_menu` (`role_id`, `menu_id`) VALUES ('9f752dae4a8a4699a618e8350f2aa52c', 'a66d2882573244a7b67f6a5bfe132fa3');
INSERT INTO oms.`sys_role_menu` (`role_id`, `menu_id`) VALUES ('9f752dae4a8a4699a618e8350f2aa52c', 'b289b259e6e945f5abdd568a992147d7');
INSERT INTO oms.`sys_role_menu` (`role_id`, `menu_id`) VALUES ('9f752dae4a8a4699a618e8350f2aa52c', 'b3ba0a8bb0e749fabc03c75f94c21ed0');
INSERT INTO oms.`sys_role_menu` (`role_id`, `menu_id`) VALUES ('9f752dae4a8a4699a618e8350f2aa52c', 'bb444479a7ad4b98b51f65419c33028b');
INSERT INTO oms.`sys_role_menu` (`role_id`, `menu_id`) VALUES ('9f752dae4a8a4699a618e8350f2aa52c', 'bc9adabc9f854cb1a743b127d1caf2d3');
INSERT INTO oms.`sys_role_menu` (`role_id`, `menu_id`) VALUES ('9f752dae4a8a4699a618e8350f2aa52c', '626402ccfb7f4b41846ce2375a67c461');
INSERT INTO oms.`sys_role_menu` (`role_id`, `menu_id`) VALUES ('9f752dae4a8a4699a618e8350f2aa52c', 'c075cd2c6d254adc9a807710b3fd9688');
INSERT INTO oms.`sys_role_menu` (`role_id`, `menu_id`) VALUES ('9f752dae4a8a4699a618e8350f2aa52c', 'c3e394b0d3a446b3a877855d96c936b1');
INSERT INTO oms.`sys_role_menu` (`role_id`, `menu_id`) VALUES ('9f752dae4a8a4699a618e8350f2aa52c', 'c6d88c32bfa84768bc2e871c3631c7b3');
INSERT INTO oms.`sys_role_menu` (`role_id`, `menu_id`) VALUES ('9f752dae4a8a4699a618e8350f2aa52c', 'c796995e4a774a3cbe8ea2c9df61bf09');
INSERT INTO oms.`sys_role_menu` (`role_id`, `menu_id`) VALUES ('9f752dae4a8a4699a618e8350f2aa52c', 'cb8b4165c9ee4d67b485fedcd9c8da2e');
INSERT INTO oms.`sys_role_menu` (`role_id`, `menu_id`) VALUES ('9f752dae4a8a4699a618e8350f2aa52c', 'ce54b475dbf446ffb688a0b24866bf40');
INSERT INTO oms.`sys_role_menu` (`role_id`, `menu_id`) VALUES ('9f752dae4a8a4699a618e8350f2aa52c', 'ceab99534dae469bbd96edb86dc18e31');
INSERT INTO oms.`sys_role_menu` (`role_id`, `menu_id`) VALUES ('9f752dae4a8a4699a618e8350f2aa52c', 'd452be7b05df4c3b9aad3e5c542582be');
INSERT INTO oms.`sys_role_menu` (`role_id`, `menu_id`) VALUES ('9f752dae4a8a4699a618e8350f2aa52c', 'd601b2fbe0634a5095b722d7a7665a5d');
INSERT INTO oms.`sys_role_menu` (`role_id`, `menu_id`) VALUES ('9f752dae4a8a4699a618e8350f2aa52c', 'd9bca77ee16f4a1b8d204a9698a5c2d1');
INSERT INTO oms.`sys_role_menu` (`role_id`, `menu_id`) VALUES ('9f752dae4a8a4699a618e8350f2aa52c', 'e224fb63d31b461abcc2d7f1f42aaa33');
INSERT INTO oms.`sys_role_menu` (`role_id`, `menu_id`) VALUES ('9f752dae4a8a4699a618e8350f2aa52c', 'e41f3a9af451470a8a6d0d2ee7f587aa');
INSERT INTO oms.`sys_role_menu` (`role_id`, `menu_id`) VALUES ('9f752dae4a8a4699a618e8350f2aa52c', 'ebba8b7c400d46f78c220f702a17ba99');
INSERT INTO oms.`sys_role_menu` (`role_id`, `menu_id`) VALUES ('9f752dae4a8a4699a618e8350f2aa52c', 'ec612213e9684d21ad65f3bed75e9ed7');
INSERT INTO oms.`sys_role_menu` (`role_id`, `menu_id`) VALUES ('9f752dae4a8a4699a618e8350f2aa52c', 'f57360a1cab948a3b8a68b5af689af1b');
INSERT INTO oms.`sys_role_menu` (`role_id`, `menu_id`) VALUES ('9f752dae4a8a4699a618e8350f2aa52c', 'f8b61f347b0747e5ad706e6ae1994b92');
INSERT INTO oms.`sys_role_menu` (`role_id`, `menu_id`) VALUES ('9f752dae4a8a4699a618e8350f2aa52c', 'fa472df5b01e473ebfabde96de8ebad9');
INSERT INTO oms.`sys_role_menu` (`role_id`, `menu_id`) VALUES ('ca997cf82de94d2a840e9c7b1e7892d9', '0054a5611e964bee9ef8b8a0b008aa02');
INSERT INTO oms.`sys_role_menu` (`role_id`, `menu_id`) VALUES ('ca997cf82de94d2a840e9c7b1e7892d9', '048f97a4ca68481487f66b5bc1ffe89f');
INSERT INTO oms.`sys_role_menu` (`role_id`, `menu_id`) VALUES ('ca997cf82de94d2a840e9c7b1e7892d9', '0d3d394ae52b4741a9bad433503c662c');
INSERT INTO oms.`sys_role_menu` (`role_id`, `menu_id`) VALUES ('ca997cf82de94d2a840e9c7b1e7892d9', '1');
INSERT INTO oms.`sys_role_menu` (`role_id`, `menu_id`) VALUES ('ca997cf82de94d2a840e9c7b1e7892d9', '26d68fa6e54d48a991bd7be4d3364dbb');
INSERT INTO oms.`sys_role_menu` (`role_id`, `menu_id`) VALUES ('ca997cf82de94d2a840e9c7b1e7892d9', '4b0aecf85b78476a9fa380fc6e3c81c5');
INSERT INTO oms.`sys_role_menu` (`role_id`, `menu_id`) VALUES ('ca997cf82de94d2a840e9c7b1e7892d9', '4e1847ba44704838a57ac23e4f9ab68a');
INSERT INTO oms.`sys_role_menu` (`role_id`, `menu_id`) VALUES ('ca997cf82de94d2a840e9c7b1e7892d9', '51a9591d71ca4fad8307d21f16247bf7');
INSERT INTO oms.`sys_role_menu` (`role_id`, `menu_id`) VALUES ('ca997cf82de94d2a840e9c7b1e7892d9', '5eb9440356714539ae7ba534aa4688f7');
INSERT INTO oms.`sys_role_menu` (`role_id`, `menu_id`) VALUES ('ca997cf82de94d2a840e9c7b1e7892d9', '63a52b7d8a5340cf9df31ec70d925cac');
INSERT INTO oms.`sys_role_menu` (`role_id`, `menu_id`) VALUES ('ca997cf82de94d2a840e9c7b1e7892d9', '775c014c3ca24cd9b7f0506e5837304a');
INSERT INTO oms.`sys_role_menu` (`role_id`, `menu_id`) VALUES ('ca997cf82de94d2a840e9c7b1e7892d9', '7ae1a8f901f54cdc819b8d07e4f6d83b');
INSERT INTO oms.`sys_role_menu` (`role_id`, `menu_id`) VALUES ('ca997cf82de94d2a840e9c7b1e7892d9', '9bff597918814e9e9e517adaff15b92f');
INSERT INTO oms.`sys_role_menu` (`role_id`, `menu_id`) VALUES ('ca997cf82de94d2a840e9c7b1e7892d9', 'bb444479a7ad4b98b51f65419c33028b');
INSERT INTO oms.`sys_role_menu` (`role_id`, `menu_id`) VALUES ('ca997cf82de94d2a840e9c7b1e7892d9', 'be617fea0f0f402cbbfb84edf179f3fd');
INSERT INTO oms.`sys_role_menu` (`role_id`, `menu_id`) VALUES ('ca997cf82de94d2a840e9c7b1e7892d9', 'c3e394b0d3a446b3a877855d96c936b1');
INSERT INTO oms.`sys_role_menu` (`role_id`, `menu_id`) VALUES ('ca997cf82de94d2a840e9c7b1e7892d9', 'c6d88c32bfa84768bc2e871c3631c7b3');
INSERT INTO oms.`sys_role_menu` (`role_id`, `menu_id`) VALUES ('ca997cf82de94d2a840e9c7b1e7892d9', 'cb8b4165c9ee4d67b485fedcd9c8da2e');
INSERT INTO oms.`sys_role_menu` (`role_id`, `menu_id`) VALUES ('ca997cf82de94d2a840e9c7b1e7892d9', 'd9bca77ee16f4a1b8d204a9698a5c2d1');
INSERT INTO oms.`sys_role_menu` (`role_id`, `menu_id`) VALUES ('ca997cf82de94d2a840e9c7b1e7892d9', 'e41f3a9af451470a8a6d0d2ee7f587aa');
INSERT INTO oms.`sys_role_menu` (`role_id`, `menu_id`) VALUES ('ca997cf82de94d2a840e9c7b1e7892d9', 'ebba8b7c400d46f78c220f702a17ba99');
INSERT INTO oms.`sys_role_menu` (`role_id`, `menu_id`) VALUES ('ca997cf82de94d2a840e9c7b1e7892d9', 'f8b61f347b0747e5ad706e6ae1994b92');
INSERT INTO oms.`sys_role_menu` (`role_id`, `menu_id`) VALUES ('ca997cf82de94d2a840e9c7b1e7892d9', 'fa472df5b01e473ebfabde96de8ebad9');
INSERT INTO oms.`sys_role_menu` (`role_id`, `menu_id`) VALUES ('f0a645a4a2884af49c3d60be308a9a4b', '0054a5611e964bee9ef8b8a0b008aa02');
INSERT INTO oms.`sys_role_menu` (`role_id`, `menu_id`) VALUES ('f0a645a4a2884af49c3d60be308a9a4b', '048f97a4ca68481487f66b5bc1ffe89f');
INSERT INTO oms.`sys_role_menu` (`role_id`, `menu_id`) VALUES ('f0a645a4a2884af49c3d60be308a9a4b', '1');
INSERT INTO oms.`sys_role_menu` (`role_id`, `menu_id`) VALUES ('f0a645a4a2884af49c3d60be308a9a4b', '26d68fa6e54d48a991bd7be4d3364dbb');
INSERT INTO oms.`sys_role_menu` (`role_id`, `menu_id`) VALUES ('f0a645a4a2884af49c3d60be308a9a4b', '4b0aecf85b78476a9fa380fc6e3c81c5');
INSERT INTO oms.`sys_role_menu` (`role_id`, `menu_id`) VALUES ('f0a645a4a2884af49c3d60be308a9a4b', '51a9591d71ca4fad8307d21f16247bf7');
INSERT INTO oms.`sys_role_menu` (`role_id`, `menu_id`) VALUES ('f0a645a4a2884af49c3d60be308a9a4b', '63a52b7d8a5340cf9df31ec70d925cac');
INSERT INTO oms.`sys_role_menu` (`role_id`, `menu_id`) VALUES ('f0a645a4a2884af49c3d60be308a9a4b', '775c014c3ca24cd9b7f0506e5837304a');
INSERT INTO oms.`sys_role_menu` (`role_id`, `menu_id`) VALUES ('f0a645a4a2884af49c3d60be308a9a4b', '9bff597918814e9e9e517adaff15b92f');
INSERT INTO oms.`sys_role_menu` (`role_id`, `menu_id`) VALUES ('f0a645a4a2884af49c3d60be308a9a4b', 'bb444479a7ad4b98b51f65419c33028b');
INSERT INTO oms.`sys_role_menu` (`role_id`, `menu_id`) VALUES ('f0a645a4a2884af49c3d60be308a9a4b', 'be617fea0f0f402cbbfb84edf179f3fd');
INSERT INTO oms.`sys_role_menu` (`role_id`, `menu_id`) VALUES ('f0a645a4a2884af49c3d60be308a9a4b', 'c6d88c32bfa84768bc2e871c3631c7b3');
INSERT INTO oms.`sys_role_menu` (`role_id`, `menu_id`) VALUES ('f0a645a4a2884af49c3d60be308a9a4b', 'd9bca77ee16f4a1b8d204a9698a5c2d1');
INSERT INTO oms.`sys_role_menu` (`role_id`, `menu_id`) VALUES ('f0a645a4a2884af49c3d60be308a9a4b', 'ebba8b7c400d46f78c220f702a17ba99');
INSERT INTO oms.`sys_role_menu` (`role_id`, `menu_id`) VALUES ('f0a645a4a2884af49c3d60be308a9a4b', 'f8b61f347b0747e5ad706e6ae1994b92');
INSERT INTO oms.`sys_role_menu` (`role_id`, `menu_id`) VALUES ('f0a645a4a2884af49c3d60be308a9a4b', 'fa472df5b01e473ebfabde96de8ebad9');

